gutenberg_id,text,title
27081,Sonety,remove
27081,Adama Mickiewicza.,remove
27081,"    Quand' era in parte altr' uom da quel, ch'io sono",remove
27081,        Petrarca.,remove
27081,MOSKWA.,remove
27081,w Drukarni Uniwersystetu.,remove
27081,Nakładem Autora.,remove
27081,1826,remove
27081,"    Печатать дозволяется съ тѢмъ, чтобы по отпечатаніи, до выпуска въ",remove
27081,"    продажу, представлены были въ Цензурный Комитетъ: одинъ экземпляръ",remove
27081,"    сей книги для Цензурного Комитета, другой для Департамента",remove
27081,"    Министерства ПросвѢщенія, два экземпляра для Императорской Публичной",remove
27081,"    Библіотеки и одинъ для Императорской Академіи Наукъ. Москва, Октября",remove
27081,"    28го дня 1826 года. _Ординарный ПрофессорЪ, Статскій СовѢтникъ и",remove
27081,    Кавалеръ Михаилъ Каченовскій._,remove
27081,I.,remove
27081,DO LAURY,remove
27081,"Ledwiem ciebie zobaczył, jużem się zapłonił,",Sonety I.
27081,"W nieznaném oku dawnéj znajomości pytał,",Sonety I.
27081,I s twych jagód wzajemny rumieniec wykwitał,Sonety I.
27081,"Jak z róży, któréj piersi zaranek odsłonił.",Sonety I.
27081,"Ledwieś piosnkę zaczęła, jużem łzy uronił,",Sonety I.
27081,Twój głos wnikał do serca i za duszę chwytał;,Sonety I.
27081,"Zdało się że ją anioł po imieniu witał,",Sonety I.
27081,I w zegar niebios chwilę zbawienia zadzwonił.,Sonety I.
27081,"O luba! niech twe oczy przyznać się nie boją,",Sonety I.
27081,"Jeśli cię mém spojrzeniem, jeśli głosem wzruszę,",Sonety I.
27081,"Nie dbam że los i ludzie przeciwko nam stoją,",Sonety I.
27081,Że uciekać i kochać bez nadziei muszę.,Sonety I.
27081,"Niech ślub ziemski innego darzy ręką twoją,",Sonety I.
27081,Tylko wyznaj że Bóg mi poślubił twą duszę.,Sonety I.
27081,II.,remove
27081,"Mówię z sobą, z drugimi plączę się w rozmowie,",Sonety II. 
27081,"Serce bije gwałtownie, oddechem nie władnę,",Sonety II. 
27081,"Iskry czuję w źrenicach, a na twarzy bladnę;",Sonety II. 
27081,"Nie jeden z obcych głośno pyta o me zdrowie,",Sonety II. 
27081,Albo o mym rozumie cóś na ucho powie.,Sonety II. 
27081,"Tak caly dzień przemęczę; gdy na łoże padnę,",Sonety II. 
27081,"W nadziei że snem chwilę cierpieniom ukradnę,",Sonety II. 
27081,Serce ogniste mary zapala w mej głowie.,Sonety II. 
27081,"Zrywam się, biegę, składam na pamięć wyrazy,",Sonety II. 
27081,"Któremi mam złorzeczyć okrucieństwu twemu,",Sonety II. 
27081,Składane zapomniane po milion razy.,Sonety II. 
27081,"Ale gdy ciebie ujrzę, nie pojmuję czemu",Sonety II. 
27081,"Znowu jestem spokojny, zimniejszy nad głazy,",Sonety II. 
27081,Aby goreć na nowo--milczéć podawnemu.,Sonety II. 
27081,III.,remove
27081,"Nie uczona twa postać, nie wymyślne słowa,",Sonety III.
27081,"Ani lice, ni oko nad inne nie błyska,",Sonety III.
27081,"A każdy rad cię ujrzeć, rad posłyszéć zbliska;",Sonety III.
27081,"Choć w ubraniu pastérki, widno żeś królowa.",Sonety III.
27081,"Wczora brzmiały i pieśni i głośna rozmowa,",Sonety III.
27081,Pytano się o twoich rowiennic nazwiska;,Sonety III.
27081,"Ten im pochwały sypie, inny żarty ciska:",Sonety III.
27081,Ty weszłaś--każdy święte milczenie zachowa.,Sonety III.
27081,"Tak śród uczty gdy śpiéwak do choru wyzywał,",Sonety III.
27081,"Gdy koła tańcujące wiły się po sali,",Sonety III.
27081,"Nagle staną i zmilkną; każdy zapytywał,",Sonety III.
27081,"Nikt nie wiedział, dlaczego w zadumieniu stali.",Sonety III.
27081,"„Ja wiém, rzecze poeta, anioł przelatywał”",Sonety III.
27081,Uczcili wszyscy gościa--nie wszyscy poznali.,Sonety III.
27081,IV.,remove
27081,WIDZENIE SIĘ W GAJU.,remove
27081,"--Tyżeś to? i tak poźno?--Błędną miałem drogę,",Sonety IV.
27081,"Śród lasów, przy niepewnym księżyca promyku;",Sonety IV.
27081,Tęskniłaś? myślisz o mnie?--Luby niewdzięczniku.,Sonety IV.
27081,Pytaj się czy ja myśleć o czém inném mogę!,Sonety IV.
27081,"--Pozwól uścisnąć dłonie, ucałować nogę.",Sonety IV.
27081,"Ty drżysz! czego?--Ja nie wiém, błądząc po gaiku,",Sonety IV.
27081,"Lękam się szmeru liścia, nocnych ptaków krzyku;",Sonety IV.
27081,Ach! musimy być winni kiedy czujem trwogę.,Sonety IV.
27081,"--Spóyrzyj mi w oczy, w czoło; nigdy z takiém czołem",Sonety IV.
27081,"Nie idzie zbrodnia, trwoga nie patrzy tak śmiele.",Sonety IV.
27081,Przebóg! jesteśmyż winni że siedzimy społem?,Sonety IV.
27081,"Wszak siedzę tak daleko, mówię tak nie wiele,",Sonety IV.
27081,I zabawiam się s tobą mój ziemski aniele!,Sonety IV.
27081,Jak gdybyś już niebieskim stała się aniołem.,Sonety IV.
27081,V.,remove
27081,"Potępi nas świętoszek, rozpustnik wyśmieje,",Sonety V.
27081,"Że chociaż samotnemi otoczeni ściany,",Sonety V.
27081,"Chociaż ona tak młoda, ja tak zakochany,",Sonety V.
27081,Przecież ja oczy spuszczam a ona łzy leje.,Sonety V.
27081,"Ja bronię się ponętom, ona i nadzieje",Sonety V.
27081,"Chce odstraszyć, co chwila brząkając kajdany,",Sonety V.
27081,Któremi ręce związał nam los opłakany.,Sonety V.
27081,"Nie wiémy sami, co się w sercach naszych dzieje.",Sonety V.
27081,Jestże to ból? lub roskosz? gdy czuję ściśnienia,Sonety V.
27081,"Twych dłoni, kiedy z ustek zachwycę płomienia,",Sonety V.
27081,Luba! czyż mogę temu dać imię cierpienia?,Sonety V.
27081,"Ale kiedy się łzami nasze lica zroszą,",Sonety V.
27081,"Gdy się ostatki życia w westchnieniach unoszą,",Sonety V.
27081,Luba! czyliż to mogę nazywać rozkoszą?,Sonety V.
27081,VI.,remove
27081,RANEK I WIECZÓR.,remove
27081,"Słońce błyszczy na wschodzie w chmur ognistych wianku,",Sonety VI.
27081,"A na zachodzie xiężyc blade lice mroczy,",Sonety VI.
27081,"Róża za słońcem pączki rozwinione toczy,",Sonety VI.
27081,Fijołek klęczy zgięty pod kroplami ranku.,Sonety VI.
27081,"Laura błysnęła w oknie, ukląkłem na ganku;",Sonety VI.
27081,"Ona muskając sploty swych złotych warkoczy,",Sonety VI.
27081,"Czemu, rzekła, tak rano smutne macie oczy,",Sonety VI.
27081,"I miesiąc i fijołek i ty mój kochanku?""",Sonety VI.
27081,W wieczór przyszedłem nowym bawić się widokiem;,Sonety VI.
27081,"Wraca xiężyc, twarz jego pełna i rumiana,",Sonety VI.
27081,Fijołek podniósł listki otrzeźwione mrokiem.,Sonety VI.
27081,"Znowu stanęła w oknie moja ukochana,",Sonety VI.
27081,"W piękniejszym jeszcze stroju i z weselszém okiem,",Sonety VI.
27081,Znowu u nóg jéj klęczę--tak smutny jak zrana.,Sonety VI.
27081,VII.,remove
27081,s PETRARKI.,remove
27081,_Senuccio i vo' che sappi._,remove
27081,Chcecie wiedzieć co cierpię rówiennicy moi?,Sonety VII.
27081,Odmaluję najwierniéj ile pióro zdoła.,Sonety VII.
27081,Mary ja dotąd pośród pamiątek kościoła,Sonety VII.
27081,"Myślą gonię, i duch mój o przeszłości roi.",Sonety VII.
27081,"Tu zwykła igrać, ówdzie zamyślona stoi,",Sonety VII.
27081,"Tam z niechęcią twarz kryła, tu mię okiem woła,",Sonety VII.
27081,"Tu gniewna, tam posępna, tu znowu wesoła,",Sonety VII.
27081,"Tu swe lica w łagodność, tu w powagę stroi.",Sonety VII.
27081,"Tam piosenkę nuciła, tu mi dłoń ścisnęła,",Sonety VII.
27081,"Tu usiadła, tam naszéj rozmowy początek,",Sonety VII.
27081,"Stąd biegła, tu na piasku imię moje kryśli,",Sonety VII.
27081,"Tam słówko powiedziała, tu scicha westchnęła,",Sonety VII.
27081,Tam się zarumieniła--ach! śród tych pamiątek,Sonety VII.
27081,Wiecznie miota się serce i plączą się myśli.,Sonety VII.
27081,VIII.,remove
27081,DO NIEMNA.,remove
27081,"Niemnie domowa rzeko moja! gdzie są wody,",Sonety VIII.
27081,"Które niegdyś czerpałem w niemowlęce dłonie,",Sonety VIII.
27081,"Na których potém w dzikie pływałem ustronie,",Sonety VIII.
27081,Sercu niespokojnemu szukając ochłody.,Sonety VIII.
27081,"Tu Laura patrząc z chlubą na cień swéj urody,",Sonety VIII.
27081,"Lubiła włos zaplatać i zakwiecać skronie,",Sonety VIII.
27081,Tu obraz jej malowny w śrébrnéj fali łonie,Sonety VIII.
27081,Łzami nieraz mąciłem zapaleniec młody.,Sonety VIII.
27081,"Niemnie domowa rzeko, gdzież są tamte zdroje,",Sonety VIII.
27081,"A z niémi tyle szczęścia, nadziei tak wiele?",Sonety VIII.
27081,Kędy jest miłe latek dziecinnych wesele?,Sonety VIII.
27081,Gdzie milsze burzliwego wieku niepokoje?,Sonety VIII.
27081,"Kędy jest Laura moja, gdzie są przyjaciele?",Sonety VIII.
27081,"Wszystko przeszło, a czemuż nie przejdą łzy moje!",Sonety VIII.
27081,IX.,remove
27081,STRZELEC.,remove
27081,Widziałem jak dzień cały pośród letniéj spieki,Sonety IX.
27081,"Błąkał się strzelec młody; stanął nad strumieniem,",Sonety IX.
27081,Długo poglądał wkoło i rzecze z westchnieniem,Sonety IX.
27081,"„Chcę ją widzieć nim kraj ten opuszczę na wieki,",Sonety IX.
27081,„Chcę widzieć nie widziany”. Wtém leci z za rzeki,Sonety IX.
27081,"Konna łowczyni strojna Diany odzieniem,",Sonety IX.
27081,"Wstrzymuje konia, staje, zwraca się wejrzeniem",Sonety IX.
27081,Zapewne jechał za nią towarzysz daleki.,Sonety IX.
27081,"Strzelec cofnął się, zadrżał i oczy Kaima",Sonety IX.
27081,"Zataczając po drodze gorzko się uśmiechał,",Sonety IX.
27081,"Drżącą ręką broń nabił, dąsa się i zżyma,",Sonety IX.
27081,"Odszedł nieco, jakoby swej myśli zaniechał.",Sonety IX.
27081,"Wtem dojrzał mgłę kurzawy, wzniesioną broń trzyma,",Sonety IX.
27081,"Bierze na cel, mgła bliżej--lecz nikt nie nadjechał.",Sonety IX.
27081,X.,remove
27081,BOGOSŁAWIEŃSTWO,remove
27081,s PETRARKI.,remove
27081,"Błogosławiony rok ów, miesiąc i niedziela,",Sonety X.
27081,"I dzień ów, i dnia cząstka, i owa godziną,",Sonety X.
27081,"I chwila, i to miejsce, gdzie moja dziewczyna",Sonety X.
27081,"Uczucia mi natchnęła, choć ich nie podziela.",Sonety X.
27081,"Błogosławione oczki blasku i wesela,",Sonety X.
27081,"Skąd amorek wygląda i łuczek napina,",Sonety X.
27081,"Błogosławiony łuczek, strzałki i chłopczyna,",Sonety X.
27081,"Co do mnie wówczas strzelił, ach! i dotąd strzela.",Sonety X.
27081,"Błogosławię ci piérwsza piosnko nieuczona,",Sonety X.
27081,"Którą odbiły lasy domowe i rzeki,",Sonety X.
27081,Którą potém ojczysta powtarzała strona.,Sonety X.
27081,"Błogosławię ci, pióro, którém w czas daleki",Sonety X.
27081,"Wsławiłem Ją, i moją pierś błogosławiona,",Sonety X.
27081,W któréj Laura mieszkała i mieszka na wieki.,Sonety X.
27081,XI.,remove
27081,REZYGNACYA.,remove
27081,"Nieszczęśliwy kto próżno o wzajemność woła,",Sonety XI.
27081,"Nieszczęśliwszy jest kogo próżne serce nudzi,",Sonety XI.
27081,"Lecz ten u mnie ze wszystkich nieszczęśliwszy ludzi,",Sonety XI.
27081,"Kto nie kocha, że kochał, zapomniéć nie zdoła.",Sonety XI.
27081,"Widząc jaskrawe oczy i bezwstydne czoła,",Sonety XI.
27081,"Pamiątkami zatruwa rozkosz, co go łudzi;",Sonety XI.
27081,"A jeśli wdzięk i cnota czucie w nim obudzi,",Sonety XI.
27081,Nie śmie z przekwitłém sercem iść do stóp anioła.,Sonety XI.
27081,"Albo drugimi gardzi, albo siebie wini,",Sonety XI.
27081,"Minie ziemiankę, z drogi ustąpi bogini,",Sonety XI.
27081,A na obiedwie patrząc żegna się z nadzieją.,Sonety XI.
27081,"I serce ma podobne do dawnéj świątyni,",Sonety XI.
27081,"Spustoszałéj niepogód i czasów koleją,",Sonety XI.
27081,"Gdzie bóstwo nie chce mieszkać, a ludzie nie śmieją.",Sonety XI.
27081,XII.,remove
27081,DO ***,remove
27081,"Patrzysz mi w oczy, wzdychasz, zgubna twa prostota,",Sonety XII.
27081,"Lękaj się jadu, który w oczach źmii płonie,",Sonety XII.
27081,"Uciekaj nim cię oddech zatruty owionie,",Sonety XII.
27081,Jeśli nie chcesz kląć reszty twojego żywota.,Sonety XII.
27081,"Szczerość, jeszcze mi jedna pozostałą cnota;",Sonety XII.
27081,"Wiedz że niegodny ogień zapalasz w mém łonie,",Sonety XII.
27081,"Lecz umiém żyć samotny, i po cóż przy zgonie",Sonety XII.
27081,Ma się wikłać w me losy niewinna istota?,Sonety XII.
27081,"Lubię rozkosz, lecz zwodzić nadto jestem dumny",Sonety XII.
27081,"Tyś dziecko, mnie namiętne przepaliły bole,",Sonety XII.
27081,"Tyś szczęśliwa, twe miejsce w biesiadników kole,",Sonety XII.
27081,"Moje, gdzie są przeszłości smętarze i trumny.",Sonety XII.
27081,"Młody bluszczu, zielone obwijaj topole,",Sonety XII.
27081,Zostaw cierniom grobowe otaczać kolumny,Sonety XII.
27081,XIII.,remove
27081,"Piérwszy raz jam niewolnik z mojéj rad niewoli,",Sonety XIII.
27081,"Patrzę na ciebie, s czoła nie znika pogoda,",Sonety XIII.
27081,"Myślę o tobie, z myśli nie znika swobodą,",Sonety XIII.
27081,"Kocham ciebie, a przecież serce mi nie boli.",Sonety XIII.
27081,"Nieraz brałem za szczęście chwileczkę swawoli,",Sonety XIII.
27081,"Nieraz mię obłąkała wyobraźnią młoda,",Sonety XIII.
27081,"Albo słówka zdradliwe i wdzięczna uroda,",Sonety XIII.
27081,Lecz wtenczas i rozkosznéj złorzeczyłem doli.,Sonety XIII.
27081,"Nawet owę, gdy owę kochałem niebiankę,",Sonety XIII.
27081,"Ileż łez, jaki zapał, jaka niegdyś trwoga,",Sonety XIII.
27081,I żal teraz na samę imienia jéj wzmiankę.,Sonety XIII.
27081,"S tobą tylko szczęśliwy, s tobą, moja droga;",Sonety XIII.
27081,"Bogu chwała, że taką zdarzył mi kochankę,",Sonety XIII.
27081,"I kochance, że uczy chwalić Pana Boga.",Sonety XIII.
27081,XIV.,remove
27081,"Luba! ja wzdycham, pamięć niebieskiéj pieszczoty",Sonety XIV.
27081,Trują mi okropnego rozmyślania chwile.,Sonety XIV.
27081,"Ach! może serce twoje, co cierpiało tyle,",Sonety XIV.
27081,"Może, boję się wyrzec, pustoszą zgryzoty.",Sonety XIV.
27081,"Luba, i cożeś winna że twych ocząt groty",Sonety XIV.
27081,"Tak palące, że usta śmieją się tak mile;",Sonety XIV.
27081,"Zbyt ufałaś méj cnocie, zbyt swéj własnej sile,",Sonety XIV.
27081,I nazbyt ognia Stwórca wlał w nasze istoty.,Sonety XIV.
27081,"Przewalczyliśmy wiele i dni i tygodni,",Sonety XIV.
27081,"Młodzi, zawsze samotni, zawsze z sobą w parze,",Sonety XIV.
27081,I byliśmy oboje długo siebie godni.,Sonety XIV.
27081,"Teraz ach! pójdę łzami oblewać ołtarze,",Sonety XIV.
27081,"Nie będę mojéj żebrać przebaczenia zbrodni,",Sonety XIV.
27081,Tylko niech mię Bóg twoją zgryzotą nie karze.,Sonety XIV.
27081,XV.,remove
27081,DZIEŃDOBRY.,remove
27081,"Dzieńdobry! nie śmiem budzić, o wdzięczny widoku!",Sonety XV.
27081,"Jéj duch na poły w rajskie wzleciał okolice,",Sonety XV.
27081,"Na poły został boskie ożywiając lice,",Sonety XV.
27081,"Jak słońce na pół w niebie, pół w srébrnym obłoku.",Sonety XV.
27081,"Dzieńdobry! już westchnęła, błysnął promyk w oku,",Sonety XV.
27081,"Dzieńdobry, już obraża światłość twe źrenice,",Sonety XV.
27081,"Naprzykrzają się ustom muchy swawolnice,",Sonety XV.
27081,"Dzieńdobry, słońce w oknach, ja przy twoim boku.",Sonety XV.
27081,"Niosłem słodszy dzień dobry, lecz twe senne wdzięki",Sonety XV.
27081,Odebrały mi śmiałość; niech się wprzódy dowiém,Sonety XV.
27081,Z łaskawém wstajesz sercem? z orzeźwionym zdrowiem?,Sonety XV.
27081,"Dzieńdobry, nie pozwalasz ucałować ręki?",Sonety XV.
27081,"Każesz odejść, odchodzę, oto masz sukienki,",Sonety XV.
27081,Ubierz się i wyjdź prędko--dzieńdobry ci powiem.,Sonety XV.
27081,XVI.,remove
27081,DOBRANOC.,remove
27081,"Dobranoc! już dziś więcéj nie będziem bawili,",Sonety XVI.
27081,"Niech snu anioł modremi skrzydły cię otoczy,",Sonety XVI.
27081,"Dobranoc, niech odpoczną po łzach twoje oczy,",Sonety XVI.
27081,"Dobranoc, niech się serce pokojem zasili.",Sonety XVI.
27081,"Dobranoc! s każdéj ze mną przemówionéj chwili,",Sonety XVI.
27081,"Niech zostanie dźwięk jakiś cichy i uroczy,",Sonety XVI.
27081,"Niechaj gra w twoim uchu, a gdy myśl zamroczy,",Sonety XVI.
27081,Niech się mój obraz sennym źrenicom przymili.,Sonety XVI.
27081,"Dobranoc! obróć jeszcze raz na mnie oczęta,",Sonety XVI.
27081,Pozwól lica--Dobranoc--chcesz na sługi klasnąć?,Sonety XVI.
27081,"Daj mi pierś ucałować--Dobranoc, zapięta.",Sonety XVI.
27081,"--Dobranoc, już uciekłaś, i drzwi chcesz zatrzasnąć.",Sonety XVI.
27081,"Dobranoc ci przez klamkę, niestety! zamknięta!",Sonety XVI.
27081,Powtarzając dobranoc nie dałbym ci zasnąć.,Sonety XVI.
27081,XVII.,remove
27081,DOBRYWIECZÓR.,remove
27081,Dobrywieczór! on dla mnie najsłodszém życzeniem;,Sonety XVII.
27081,"Nigdy, czyto przed nocą dzieli nas zapora,",Sonety XVII.
27081,"Czyli mię ranna znowu przywołuje pora,",Sonety XVII.
27081,"Nie żegnam się, ni witam s takim zachwyceniem,",Sonety XVII.
27081,"Jak w tę chwilę, wieczornym ośmielony cieniem;",Sonety XVII.
27081,"Ty nawet, milczéć rada i płonić się skora,",Sonety XVII.
27081,"Gdy usłyszysz życzenie dobrego wieczora,",Sonety XVII.
27081,"Żywszém okiem, głośniejszém rozmawiasz westchnieniem.",Sonety XVII.
27081,"Niechaj dzieńdobry wschodzi tym co społem żyją,",Sonety XVII.
27081,"Objaśniać pracę, która ich ręce jednoczy;",Sonety XVII.
27081,"Dobranoc niech szczęśliwych kochanków otoczy,",Sonety XVII.
27081,Gdy z rozkoszy kielicha trosk osłodę piją;,Sonety XVII.
27081,"A tym co się kochają i swą miłość kryją,",Sonety XVII.
27081,Dobrywieczór niech przyćmi zbyt wymowne oczy.,Sonety XVII.
27081,XVIII.,remove
27081,DO D. D.,remove
27081,_WIZYTA._,remove
27081,"Ledwie wnijdę, słów kilka przemówię z nią samą;",Sonety XVIII.
27081,"Jużci dzwonek przerażą, wpada galonowy,",Sonety XVIII.
27081,"Za nim wizyta, za nią ukłony, rozmowy,",Sonety XVIII.
27081,"Ledwie wizyta z bramy, już druga za bramą.",Sonety XVIII.
27081,"Gdybym mógł, progi wilczą otoczyłbym jamą,",Sonety XVIII.
27081,"Stawiłbym lisie pastki, kolczate okowy,",Sonety XVIII.
27081,"A jeśli niedość bronią, uciecbym gotowy",Sonety XVIII.
27081,Na tamten świat stygową zasłonić się tamą.,Sonety XVIII.
27081,"O przeklęty nudziarzu! ja liczę minuty,",Sonety XVIII.
27081,"Jak zbrodniarz co go czeka ostatnia katusza,",Sonety XVIII.
27081,Ty pleciesz błahe dzieje wczorajszéj reduty.,Sonety XVIII.
27081,"Już bierzesz rękawiczki, szukasz kapelusza,",Sonety XVIII.
27081,"Teraz odetchnę nieco, wstąpi we mnie dusza,",Sonety XVIII.
27081,"O bogi! znowu siada, siedzi jak przykuty!",Sonety XVIII.
27081,XIX.,remove
27081,DO WIZYTUJĄCYCH.,remove
27081,"Pragniesz miłym być gościem, czytaj rady moje,",Sonety XIX.
27081,"Niedość wszedłszy donosić o czém wszyscy wiedzą,",Sonety XIX.
27081,"Że dzisiaj tam walcują, ówdzie obiad jedzą,",Sonety XIX.
27081,"Zboże tanie, deszcz pada, w Grecyi rozboje.",Sonety XIX.
27081,"Jeśli w salonie znajdziesz bawiących się dwoje,",Sonety XIX.
27081,"Zważaj czy cię z ukłonem, z rozmową uprzedzą,",Sonety XIX.
27081,"Czyli daleko jedno od drugiego siedzą,",Sonety XIX.
27081,"Czy wszystko jest na miejscu, czy w porządku stroje.",Sonety XIX.
27081,"Jeśli pani co wyraz zaśmiać się gotowa,",Sonety XIX.
27081,Choć usta śmiać się nie chcą; jeśli panicz z boku,Sonety XIX.
27081,"Pogląda i zegarek dobywa i chowa,",Sonety XIX.
27081,I grzeczność ma na ustach a cóś złego w oku:,Sonety XIX.
27081,"Wiesz jak ich trzeba witać? Bywaj zdrów, bądź zdrowa;",Sonety XIX.
27081,A kiedy ich masz znowu odwiedzić?--po roku.,Sonety XIX.
27081,XX.,remove
27081,POŻEGNANIE.,remove
27081,_DO D. D._,remove
27081,Odpychasz mię?--czém twoje serce już postradał?,Sonety XX.
27081,Lecz jam go nigdy nie miał;--czyli broni cnota?,Sonety XX.
27081,Lecz ty pieścisz innego; czy że nie dam złota?,Sonety XX.
27081,Lecz jam go wprzódy nie dał a ciebie posiadał.,Sonety XX.
27081,"I nie darmo; choć skarbów przed tobąm nie składał,",Sonety XX.
27081,"Ale mi drogo każda kupiona pieszczota,",Sonety XX.
27081,"Na wagę duszy mojéj, pokojem żywota;",Sonety XX.
27081,Dla czegoż mię odpychasz? nadaremniem badał.,Sonety XX.
27081,"Dziś odkrywam łakomstwo nowe w sercu twojém,",Sonety XX.
27081,Pochwalnych wiérszy chciałaś; marny pochwał dymie!,Sonety XX.
27081,Dla nich więc igrasz z bliźnich szczęściem i pokojem?,Sonety XX.
27081,"Nie kupić Muzy! W każdym ślizgałem się rymie,",Sonety XX.
27081,"Gdym szedł na Parnas z lauru wieńczyć cię zawojem,",Sonety XX.
27081,"I ten wiérsz wraz mi stwardniał, żem wspomniał twe imię.",Sonety XX.
27081,XXI.,remove
27081,DANAIDY.,remove
27081,"Płci piękna! gdzie wiek złoty, gdy za polne kwiaty,",Sonety XXI.
27081,"Za haftowane kłosem majowe sukienki,",Sonety XXI.
27081,"Kupowano panieńskie serduszka i wdzięki,",Sonety XXI.
27081,Gdy do lubéj gołębia posyłano w swaty?,Sonety XXI.
27081,Dzisiaj wieki są tańsze a droższe zapłaty.,Sonety XXI.
27081,"Ta któréj złoto daję, prosi o piosenki;",Sonety XXI.
27081,"Ta któréj serce daję, żądała méj ręki;",Sonety XXI.
27081,"Ta którą opiéwałem, pyta, czym bogaty.",Sonety XXI.
27081,Danaidy! rzucałem w bezdeń waszéj chęci,Sonety XXI.
27081,"Dary, pieśni, i we łzach roztopioną duszę;",Sonety XXI.
27081,"Dziś z hojnego jam skąpy, s czułego szyderca.",Sonety XXI.
27081,"A choć mię dotąd jeszcze nadobna twarz nęci,",Sonety XXI.
27081,"Choć jeszcze was opiéwać i obdarzać muszę,",Sonety XXI.
27081,"Lecz dawniej wszystko dałbym, dziś wszystko--prócz serca.",Sonety XXI.
27081,XXII.,remove
27081,EXKUZA.,remove
27081,"Nuciłem o miłostkach w rówieńników tłumie,",Sonety XXII.
27081,"Jedni mię pochwalili, a drudzy szeptali:",Sonety XXII.
27081,"Ten wieszcz kocha się tylko, męczy się i żali,",Sonety XXII.
27081,"Nic innego nie czuje, lub śpiewać nie umie.",Sonety XXII.
27081,"W dojrzalsze wchodząc lata, przy starszym rozumie,",Sonety XXII.
27081,Czemu serce płomykiem tak dziecinnym pali?,Sonety XXII.
27081,"Czyliż mu na to wieszczy głos bogowie dali,",Sonety XXII.
27081,Aby o sobie tylko w każdéj nucił dumie?,Sonety XXII.
27081,Wielkomyślna przestroga!--wnet z górnemi duchy,Sonety XXII.
27081,"Alcejski chwytam bardon, i strojem Ursyna",Sonety XXII.
27081,"Ledwiem zaczął przegrywać, aż cała drużyna",Sonety XXII.
27081,Rozpiérzchła się unosząc zadziwione słuchy;,Sonety XXII.
27081,Zrywam struny i w Letę ciskam bardon głuchy.,Sonety XXII.
27081,Taki wieszcz jaki słuchacz.,Sonety XXII.
27081,Sonety Krymskie,remove
27081,    Wer den Dichter will verstehen,remove
27081,    Muss in Dichters Lande gehen.,remove
27081,        Göthe im Chuld Nameh,remove
27081,TOWARZYSZOM,remove
27081,PODRÓŻY KRYMSKIEJ,remove
27081,    AUTOR,remove
27081,I.,remove
27081,STEPY AKERMAŃSKIE.,remove
27081,"Wpłynąłem na suchego przestwór Oceanu,",Sonety krymskie I.
27081,"Wóz nurza się w zieloność i jak łódka brodzi,",Sonety krymskie I.
27081,"Śród fali łąk szumiących, śród kwiatów powodzi,",Sonety krymskie I.
27081,Omijam koralowe ostrowy burzanu.,Sonety krymskie I.
27081,"Już mrok zapada, nigdzie drogi ni kurhanu;",Sonety krymskie I.
27081,"Patrzę w niebo, gwiazd szukam, przewodniczek łodzi;",Sonety krymskie I.
27081,Tam zdala błyszczy obłok? tam jutrzenka wschodzi?,Sonety krymskie I.
27081,"To błyszczy Dniestr, to weszła lampa Akermanu.",Sonety krymskie I.
27081,"Stójmy!--jak cicho!--słyszę ciągnące żórawie,",Sonety krymskie I.
27081,Którychby nie dościgły źrenice sokoła;,Sonety krymskie I.
27081,"Słyszę kędy się motyl kołysa na trawie,",Sonety krymskie I.
27081,Kędy wąż śliską piersią dotyka się zioła.,Sonety krymskie I.
27081,"W takiéj ciszy!--tak ucho natężam ciekawie,",Sonety krymskie I.
27081,"Że słyszałbym głos z Litwy,--jedźmy, nikt nie woła.",Sonety krymskie I.
27081,II.,remove
27081,CISZA MORSKA.,remove
27081,_na wysokości Tarkankut._,Sonety krymskie II.
27081,"Już wstążkę pawilonu wiatr zaledwie muśnie,",Sonety krymskie II.
27081,Cichemi gra piersiami rozjaśniona woda;,Sonety krymskie II.
27081,"Jak marząca o szczęściu narzeczona młoda,",Sonety krymskie II.
27081,"Zbudzi się aby westchnąć, i wnet znowu uśnie.",Sonety krymskie II.
27081,"Żagle, nakształt chorągwi gdy wojnę skończono,",Sonety krymskie II.
27081,Drzémią na masztach nagich; okręt lekkim ruchem,Sonety krymskie II.
27081,"Kołysa się, jak gdyby przykuty łańcuchem;",Sonety krymskie II.
27081,"Majtek wytchnął, podróżne rozśmiało się grono.",Sonety krymskie II.
27081,O morze! pośród twoich wesołych żyjątek,Sonety krymskie II.
27081,"Jest polip co śpi na dnie gdy się niebo chmurzy,",Sonety krymskie II.
27081,A na ciszę długimi wywija ramiony.,Sonety krymskie II.
27081,"O myśli! w twojéj głębi jest hydra pamiątek,",Sonety krymskie II.
27081,Co śpi wpośród złych losów i namiętnéj burzy;,Sonety krymskie II.
27081,"A gdy serce spokojne, zatapia w niém szpony.",Sonety krymskie II.
27081,III.,remove
27081,ŻEGLUGA.,remove
27081,"Szum większy, gęściéj morskie snują się straszydła,",Sonety krymskie III.
27081,"Majtek wbiegł na drabinę, gotujcie się dzieci!",Sonety krymskie III.
27081,"Wbiegł, rozciągnął się, zawisł w niewidzialnéj sieci,",Sonety krymskie III.
27081,Jak pająk czatujący na skinienie sidła.,Sonety krymskie III.
27081,"Wiatr!--wiatr!--dąsa się okręt, zrywa się z wędzidła,",Sonety krymskie III.
27081,"Przewala się, nurkuje w pienistéj zamieci,",Sonety krymskie III.
27081,"Wznosi kark, zdeptał fale, i skróś niebios leci,",Sonety krymskie III.
27081,"Obłoki czołem sieka, wiatr chwyta pod skrzydła.",Sonety krymskie III.
27081,"I mój duch masztu lotem buja śród odmętu,",Sonety krymskie III.
27081,"Wzdyma się wyobraźnia jak warkocz tych żagli,",Sonety krymskie III.
27081,Mimowolny krzyk łączę z wesołym orszakiem;,Sonety krymskie III.
27081,"Wyciągam ręce, padam na piersi okrętu,",Sonety krymskie III.
27081,"Zdaję się że pierś moja do pędu go nagli,",Sonety krymskie III.
27081,Lekko mi! rzezwo! lubo! wiém co to być ptakiem.,Sonety krymskie III.
27081,IV.,remove
27081,BURZA.,remove
27081,"Zdarto żagle, stér prysnął, ryk wód, szum zawiei,",Sonety krymskie IV.
27081,"Głosy trwożnéj gromady, pomp złowieszcze jęki,",Sonety krymskie IV.
27081,"Ostatnie liny majtkom wyrwały się z ręki,",Sonety krymskie IV.
27081,"Słońce krwawo zachodzi, z niém reszta nadziei.",Sonety krymskie IV.
27081,"Wicher z tryumfem zawył, a na mokre góry",Sonety krymskie IV.
27081,"Wznoszące się piętrami z morskiego odmętu,",Sonety krymskie IV.
27081,"Wstąpił geniusz śmierci i szedł do okrętu,",Sonety krymskie IV.
27081,Jak żołnierz szturmujący w połamane mury.,Sonety krymskie IV.
27081,"Ci leżą napół martwi, ów załamał dłonie,",Sonety krymskie IV.
27081,"Ten w objęcia przyjaciół żegnając się pada,",Sonety krymskie IV.
27081,"Ci modlą się przed śmiercią, aby śmierć odegnać.",Sonety krymskie IV.
27081,Jeden podróżny siedział w milczeniu na stronie,Sonety krymskie IV.
27081,"I pomyślił: szczęśliwy kto siły postrada,",Sonety krymskie IV.
27081,"Albo modlić się umié, lub ma s kim się żegnać.",Sonety krymskie IV.
27081,V.,remove
27081,WIDOK GÓR ZE STEPÓW KOZŁOWA.,remove
27081,PIELGRZYM I MIRZA.,remove
27081,Pielgrzym.,Sonety krymskie V.
27081,Tam? czy Allah postawił wpoprzek morze lodu?,Sonety krymskie V.
27081,Czy aniołom tron odlał z zamrożonéj chmury?,Sonety krymskie V.
27081,"Czy Diwy z ćwierci lądu dźwignęli te mury,",Sonety krymskie V.
27081,Aby gwiazd karawanę nie puszczać ze wschodu?,Sonety krymskie V.
27081,Na szczycie jaka łuna! pożar Carogrodu!,Sonety krymskie V.
27081,"Czy Allah, gdy noc chylat rozciągnęła bury,",Sonety krymskie V.
27081,"Dla światów żeglujących po morzu natury,",Sonety krymskie V.
27081,Tę latarnię zawiesił śród niebios obwodu?,Sonety krymskie V.
27081,Mirza,Sonety krymskie V.
27081,"Tam?--Byłem; zima siedzi, tam dzioby potoków",Sonety krymskie V.
27081,I gardła rzek widziałem pijące z jéj gniazda.,Sonety krymskie V.
27081,"Tchnąłem, z ust mych śnieg leciał, pomykałem kroków",Sonety krymskie V.
27081,"Gdzie orły dróg nie wiedzą, kończy się chmur jazda,",Sonety krymskie V.
27081,"Minąłem grom drzémiący w kolebce z obłoków,",Sonety krymskie V.
27081,Aż tam gdzie nad mój turban była tylko gwiazda.,Sonety krymskie V.
27081,To Czatyrdah!,Sonety krymskie V.
27081,Pielgrzym,Sonety krymskie V.
27081,                Aa!!,Sonety krymskie V.
27081,VI.,remove
27081,BAKCZYSARAJ.,remove
27081,"Jeszcze wielka, już pusta Girajów dziedzina!",Sonety krymskie VI.
27081,"Zmiatane czołem baszów ganki i przedsienia,",Sonety krymskie VI.
27081,"Sofy trony potęgi, miłości schronienia,",Sonety krymskie VI.
27081,"Przeskakuje szarańcza, obwija gadzina.",Sonety krymskie VI.
27081,"Skróś okien różnofarbnych powoju roślina,",Sonety krymskie VI.
27081,"Wdzierając się na głuche ściany i sklepienia,",Sonety krymskie VI.
27081,"Zajmuje dzieło ludzi w imię przyrodzenia,",Sonety krymskie VI.
27081,I pisze Balsazara głoskami „RUINA”.,Sonety krymskie VI.
27081,"W środku sali wycięte z marmuru naczynie,",Sonety krymskie VI.
27081,"To fontanna haremu, dotąd stoi cało,",Sonety krymskie VI.
27081,I perłowe łzy sącząc woła przez pustynie:,Sonety krymskie VI.
27081,"Gdzież jesteś o miłości, potęgo i chwało?",Sonety krymskie VI.
27081,"Wy macie trwać na wieki, źródło szybko płynie,",Sonety krymskie VI.
27081,"O hańbo! wyście przeszły, a źródło zostało.",Sonety krymskie VI.
27081,VII.,remove
27081,BAKCZYSARAJ W NOCY.,remove
27081,"Rozchodzą się z dżamidów pobożni mieszkańce,",Sonety krymskie VII.
27081,"Odgłos izanu w cichym gubi się wieczorze,",Sonety krymskie VII.
27081,"Zawstydziło się licem rubinowym zorze,",Sonety krymskie VII.
27081,Srébrny król nocy dąży spocząć przy kochance.,Sonety krymskie VII.
27081,"Błyszczą w haremie niebios wieczne gwiazd kagańce,",Sonety krymskie VII.
27081,Śród nich po safirowym żegluje przestworze,Sonety krymskie VII.
27081,"Jeden obłok, jak senny łabędź na jeziorze,",Sonety krymskie VII.
27081,Pierś ma białą a złotem malowane krańce.,Sonety krymskie VII.
27081,"Tu cień pada z menaru i wierzchu cyprysa,",Sonety krymskie VII.
27081,"Dalej czernią się kołem olbrzymy granitu,",Sonety krymskie VII.
27081,Jak szatany siedzące w dywanie Eblisa,Sonety krymskie VII.
27081,Pod namiotem ciemności; niekiedy z ich szczytu,Sonety krymskie VII.
27081,Budzi się błyskawica i pędem Farisa,Sonety krymskie VII.
27081,Przelatuje milczące pustynie błękitu.,Sonety krymskie VII.
27081,VIII.,remove
27081,GRÓB POTOCKIÉJ.,remove
27081,W kraju wiosny pomiędzy rozkosznemi sady,Sonety krymskie VIII.
27081,"Uwiędłaś młoda różo! bo przeszłości chwile,",Sonety krymskie VIII.
27081,"Ulatując od ciebie jak złote motyle,",Sonety krymskie VIII.
27081,Rzuciły w głębi serca pamiątek owady.,Sonety krymskie VIII.
27081,"Tam na północ ku Polsce świécą gwiazd gromady,",Sonety krymskie VIII.
27081,Dlaczegoż na téj drodze błyszczy się ich tyle?,Sonety krymskie VIII.
27081,"Czy wzrok twój ognia pełen nim zgasnął w mogile,",Sonety krymskie VIII.
27081,Tam wiecznie lecąc jasne powypalał ślady?,Sonety krymskie VIII.
27081,"Polko, i ja dni skończę w samotnéj żałobie;",Sonety krymskie VIII.
27081,Tu niech mi garstkę ziemi dłoń przyjazna rzuci.,Sonety krymskie VIII.
27081,"Podróżni często przy twym rozmawiają grobie,",Sonety krymskie VIII.
27081,I mnie wtenczas dźwięk mowy rodzinnéj ocuci;,Sonety krymskie VIII.
27081,"I wieszcz samotną piosnkę dumając o tobie,",Sonety krymskie VIII.
27081,"Ujrzy bliską mogiłę, i dla mnie zanuci.",Sonety krymskie VIII.
27081,IX.,remove
27081,MOGIŁY HAREMU.,remove
27081,_Mirza do Pielgrzyma_.,Sonety krymskie IX.
27081,Tu z winnicy miłości niedojrzałe grona,Sonety krymskie IX.
27081,"Wzięto na stół Allaha; tu perełki Wschodu,",Sonety krymskie IX.
27081,"Z morza uciech i szczęścia, porwała za młodu",Sonety krymskie IX.
27081,Truna koncha wieczności do mrocznego łona.,Sonety krymskie IX.
27081,"Skryła je niepamięci i czasu zasłona,",Sonety krymskie IX.
27081,"Nad nimi turban zimny błyszczy śród ogrodu,",Sonety krymskie IX.
27081,"Jak buńczuk wojska cieniów, i ledwie u spodu",Sonety krymskie IX.
27081,Zostały dłonią Gaura wyryte imiona.,Sonety krymskie IX.
27081,O wy róże edeńskie! u czystości stoku,Sonety krymskie IX.
27081,"Odkwitnęły dni wasze pod wstydu liściami,",Sonety krymskie IX.
27081,Na wieki zatajone niewiernemu oku.,Sonety krymskie IX.
27081,"Teraz grób wasz spójrzenie cudzoziemca plami,",Sonety krymskie IX.
27081,Pozwalam mu--darujesz o wielki Proroku!,Sonety krymskie IX.
27081,On jeden z czudzoziemców poglądał ze łzami.,Sonety krymskie IX.
27081,X.,remove
27081,BAJDARY.,remove
27081,Wypuszczam na wiatr konia i nie szczędzę razów:,Sonety krymskie X.
27081,"Lasy, doliny, głazy, w kolei, w natłoku",Sonety krymskie X.
27081,"U nóg mych płyną, giną jak fale potoku;",Sonety krymskie X.
27081,"Chcę odurzyć się, upić tym wirem obrazów.",Sonety krymskie X.
27081,"A gdy śpieniony rumak nie słucha rozkazów,",Sonety krymskie X.
27081,"Gdy świat kolory traci pod całunem mroku,",Sonety krymskie X.
27081,"Jak w rozbitém zwierciedle, tak w mém spiekłém oku,",Sonety krymskie X.
27081,Snują się mary lasów i dolin i głazów.,Sonety krymskie X.
27081,"Ziemia śpi, mnie snu niema, skaczę w morskie łona,",Sonety krymskie X.
27081,"Czarny wydęty bałwan z hukiem na brzeg dąży,",Sonety krymskie X.
27081,"Schylam ku niemu czoło, wyciagam ramiona,",Sonety krymskie X.
27081,"Pęka nad głową fala, chaos mię okrąży,",Sonety krymskie X.
27081,"Czekam aż myśl jak łódka wirami kręcona,",Sonety krymskie X.
27081,Zbłąka się i na chwilę w niepamięć pogrąży.,Sonety krymskie X.
27081,XI.,remove
27081,AŁUSZTA W DZIEŃ.,remove
27081,"Już góra z piersi mgliste otrząsa chylaty,",Sonety krymskie XI.
27081,"Rannym szumi namazem niwa złotokłosa,",Sonety krymskie XI.
27081,"Kłania się las i sypie z majowego włosa,",Sonety krymskie XI.
27081,"Jak z różańca kalifów, rubin i granaty.",Sonety krymskie XI.
27081,"Łąka w kwiatach, nad łąką latające kwiaty",Sonety krymskie XI.
27081,"Motyle różnofarbne, niby tęczy kosa,",Sonety krymskie XI.
27081,Baldakimem z brylantów okryły niebiosa;,Sonety krymskie XI.
27081,Daléj sarańcza ciągnie swój całun skrzydlaty.,Sonety krymskie XI.
27081,"A kędy w wodach skała przegląda się łysa,",Sonety krymskie XI.
27081,Wre morze i odparte z nowym szumem pędzi;,Sonety krymskie XI.
27081,"W jego szumach gra światło jak w oczach tygrysa,",Sonety krymskie XI.
27081,Sroższą zwiastując burzę dla ziemskiéj krawędzi;,Sonety krymskie XI.
27081,"A na głębini fala lekko się kołysa,",Sonety krymskie XI.
27081,I kąpią się w niéj floty i stada łabędzi.,Sonety krymskie XI.
27081,XII.,remove
27081,AŁUSZTA W NOCY.,remove
27081,"Rzeźwią się wiatry, dzienna wolnieje posucha,",Sonety krymskie XII.
27081,"Na barki Czatyrdahu spada lampa światów,",Sonety krymskie XII.
27081,"Rozbija się, rozlewa strumienie szkarłatów,",Sonety krymskie XII.
27081,"I gaśnie. Błędny pielgrzym ogląda się, słucha:",Sonety krymskie XII.
27081,"Już góry poczerniały, w dolinach noc głucha,",Sonety krymskie XII.
27081,"Źródła szemrzą jak przez sen na łożu z bławatów,",Sonety krymskie XII.
27081,"Powietrze tchnące wonią, tą muzyką kwiatów,",Sonety krymskie XII.
27081,Mówi do serca głosem tajemnym dla ucha.,Sonety krymskie XII.
27081,Usypiam pod skrzydłami ciszy i ciemnoty;,Sonety krymskie XII.
27081,"Wtém budzą mię rażące meteoru błyski,",Sonety krymskie XII.
27081,"Niebo, ziemię i góry oblał potop złoty!",Sonety krymskie XII.
27081,"Nocy wschodnia! ty nakształt wschodniéj odaliski,",Sonety krymskie XII.
27081,"Pieszczotami usypiasz, a kiedym snu bliski,",Sonety krymskie XII.
27081,Ty iskrą oka znowu budzisz do pieszczoty.,Sonety krymskie XII.
27081,XIII.,remove
27081,CZATYRDAH.,remove
27081,MIRZA.,remove
27081,"Drżąc muślemin całuje stopy twéj opoki,",Sonety krymskie XIII.
27081,"Maszcie Krymskiego statku, wieki Czatyrdachu!",Sonety krymskie XIII.
27081,O minarecie świata! o gór padyszachu!,Sonety krymskie XIII.
27081,"Ty nad skały poziomu uciekłszy w obłoki,",Sonety krymskie XIII.
27081,"Siedzisz sobie pod bramą niebios, jak wysoki",Sonety krymskie XIII.
27081,Gabryel pilnujący edeńskiego gmachu.,Sonety krymskie XIII.
27081,"Ciemny las twoim płaszczem, a janczary strachu",Sonety krymskie XIII.
27081,Twój turban z chmur haftują błyskawic potoki.,Sonety krymskie XIII.
27081,"Nam czy slońce dopieka, czyli mgła ocienia,",Sonety krymskie XIII.
27081,"Czy sarańcza plon zetnie, czy gaur pali domy;",Sonety krymskie XIII.
27081,"Czatyrdachu, ty zawsze głuchy, nieruchomy,",Sonety krymskie XIII.
27081,"Między światem i niebem jak drogman stworzenia,",Sonety krymskie XIII.
27081,"Podesławszy pod nogi ziemie, ludzi, gromy,",Sonety krymskie XIII.
27081,"Słuchasz tylko, co mówi Bóg do przyrodzenia.",Sonety krymskie XIII.
27081,XIV.,remove
27081,PIELGRZYM.,remove
27081,"U stóp moich kraina dostatków i krasy,",Sonety krymskie XIV.
27081,"Nad głową niebo jasne, obok piękne lice;",Sonety krymskie XIV.
27081,Dlaczegoż stąd ucieka serce w okolice,Sonety krymskie XIV.
27081,"Dalekie, i niestety! jeszcze dalsze czasy?",Sonety krymskie XIV.
27081,"Litwo! piały mi wdzięczniéj twe szumiące lasy,",Sonety krymskie XIV.
27081,"Niż słowiki Bajdaru, Salhiry dziewice;",Sonety krymskie XIV.
27081,"I weselszy deptałem twoje trzęsawice,",Sonety krymskie XIV.
27081,"Niż rubinowe morwy, złote ananasy.",Sonety krymskie XIV.
27081,Tak daleki! tak różna wabi mię ponęta;,Sonety krymskie XIV.
27081,"Dlaczegoż roztargniony wzdycham bezustanku,",Sonety krymskie XIV.
27081,Do téj którą kochałem w dni moich poranku?,Sonety krymskie XIV.
27081,"Ona w lubéj dziedzinie, która mi odjęta,",Sonety krymskie XIV.
27081,Gdzie jéj wszystko o wiernym powiada kochanku;,Sonety krymskie XIV.
27081,Depcąc świéże me ślady czyż o mnie pamięta?,Sonety krymskie XIV.
27081,XV.,remove
27081,DROGA NAD PRZEPAŚCIĄ W CZUFUT-KALE.,remove
27081,MIRZA I PIELGRZYM.,remove
27081,Mirza.,Sonety krymskie XV.
27081,"Zmów paciérz, opuść wodze, odwróć nabok lica,",Sonety krymskie XV.
27081,Tu jeździec końskim nogom swój rozum powierza;,Sonety krymskie XV.
27081,"Dzielny koń! patrz jak staje, głąb okiem rozmierza,",Sonety krymskie XV.
27081,"Uklęka, brzeg wiszaru kopytem pochwyca,",Sonety krymskie XV.
27081,"I zawisnął--tam nie patrz, tam spadła źrenica,",Sonety krymskie XV.
27081,"Jak w studni Al-Kairu, o dno nie uderza.",Sonety krymskie XV.
27081,"I ręką tam nie wskazuj, nie masz u rąk pierza;",Sonety krymskie XV.
27081,"I myśli tam nie puszczaj, bo myśl jak kotwica,",Sonety krymskie XV.
27081,"Z łodzi drobnéj ciśniona w nieźmierność głębiny,",Sonety krymskie XV.
27081,"Piorunem spadnie, morza do dna nie przewierci,",Sonety krymskie XV.
27081,I łodź z sobą przechyli w otchłanie chaosu.,Sonety krymskie XV.
27081,Pielgrzym,Sonety krymskie XV.
27081,"Mirzo, a ja spójrzałem! przez świata szczeliny",Sonety krymskie XV.
27081,"Tam widziałem--com widział, opowiém--po śmierci,",Sonety krymskie XV.
27081,Bo w żyjących języku nie ma na to głosu.,Sonety krymskie XV.
27081,XVI.,remove
27081,GÓRA KIKINEIS.,remove
27081,Mirza.,Sonety krymskie XVI.
27081,"Spójrzyj w przepaść--niebiosa leżące na dole,",Sonety krymskie XVI.
27081,"To jest morze;--śród fali zda się że ptak-góra,",Sonety krymskie XVI.
27081,"Piorunem zastrzelony, swe masztowe pióra",Sonety krymskie XVI.
27081,"Roztoczył kręgiem szérszym niż tęczy półkole,",Sonety krymskie XVI.
27081,I wyspą śniegu nakrył błękitne wód pole.,Sonety krymskie XVI.
27081,Ta wyspa żeglująca w otchłani--to chmura!,Sonety krymskie XVI.
27081,Z jéj piersi na pół świata spada noc ponura;,Sonety krymskie XVI.
27081,Czy widzisz płomienistą wstążkę na jéj czole?,Sonety krymskie XVI.
27081,"To jest piorun!--lecz stójmy, otchłanie pod nogą,",Sonety krymskie XVI.
27081,Musim wąwoz przesadzić w całym konia pędzie;,Sonety krymskie XVI.
27081,"Ja skaczę, ty z gotowym biczem i ostrogą,",Sonety krymskie XVI.
27081,"Gdy zniknę z oczu, patrzaj w owe skał krawędzie:",Sonety krymskie XVI.
27081,"Jeśli tam pióro błyśnie, to mój kołpak będzie;",Sonety krymskie XVI.
27081,"Jeśli nie, już ludziom nie jechać tą drogą.",Sonety krymskie XVI.
27081,XVII.,remove
27081,RUINY ZAMKU W BAŁAKŁAWIE.,remove
27081,"Te zamki połamane zwaliska bez ładu,",Sonety krymskie XVII.
27081,Zdobiły cię i strzegły o niewdzięczny Krymie!,Sonety krymskie XVII.
27081,"Dzisiaj stérczą na górach jak czaszki olbrzymie,",Sonety krymskie XVII.
27081,W nich gad mieszka lub człowiek podlejszy od gadu.,Sonety krymskie XVII.
27081,"Szczeblujmy na wieżycę, szukam herbów śladu;",Sonety krymskie XVII.
27081,"Jest i napis, tu może bohatera imię,",Sonety krymskie XVII.
27081,"Co było wojsk postrachem, w zapomnieniu drzymie,",Sonety krymskie XVII.
27081,Obwinione jak robak liściem winogradu.,Sonety krymskie XVII.
27081,"Tu Grek dłutował w murach Ateńskie ozdoby,",Sonety krymskie XVII.
27081,"Stąd Italczyk Mongołom narzucał żelaza,",Sonety krymskie XVII.
27081,I Mekański przybylec nucił pieśń namaza.,Sonety krymskie XVII.
27081,"Dziś sępy czarném skrzydłem oblatują groby,",Sonety krymskie XVII.
27081,"Jak w mieście, które całkiem wybije zaraza,",Sonety krymskie XVII.
27081,Wiecznie z baszt powiewają chorągwie żałoby.,Sonety krymskie XVII.
27081,XVIII.,remove
27081,AJUDAH.,remove
27081,"Lubię poglądać wsparty na Judahu skale,",Sonety krymskie XVIII.
27081,"Jak śpienione bałwany, to w czarne szeregi",Sonety krymskie XVIII.
27081,"Ścisnąwszy się buchają, to jak srébrne śniegi",Sonety krymskie XVIII.
27081,W milionowych tęczach kołują wspaniale.,Sonety krymskie XVIII.
27081,"Trącą się o mieliznę, rozbiją na fale,",Sonety krymskie XVIII.
27081,"Jak wojsko wielorybów zalegając brzegi,",Sonety krymskie XVIII.
27081,"Zdobędą ląd w tryumfie, i napowrót zbiegi,",Sonety krymskie XVIII.
27081,"Miecą za sobą muszle, perły i korale.",Sonety krymskie XVIII.
27081,"Podobnie na twe serce, o poeto młody!",Sonety krymskie XVIII.
27081,"Namiętność często groźne wzburza niepogody,",Sonety krymskie XVIII.
27081,"Lecz gdy podniesiesz bardon, ona bez twéj szkody",Sonety krymskie XVIII.
27081,"Ucieka w zapomnienia pogrążyć się toni,",Sonety krymskie XVIII.
27081,"I nieśmiertelne pieśni za sobą uroni,",Sonety krymskie XVIII.
27081,S których wieki uplotą ozdobę twych skroni.,Sonety krymskie XVIII.
27081,OBJASIENIA DO SONETOW KRYMSKICH.,remove
27081,I. „Ostrowy burzanu.” Na Ukrainie i Pobereżu nazywają burzanami wielkie,remove
27081,"krzaki ziela, które w czasie lata kwiatem okryte nadają przyjemną",remove
27081,rozmaitość płaszczyznom.,remove
27081,"V. „Diwy” Diwy, podług starożytnéj mitologii Persów, złośliwe geniusze,",remove
27081,"które niegdyś panowały na ziemi, potem wygnane przez aniołów, mieszkają",remove
27081,teraz na końcu świata za górą Kaf.,remove
27081,"„Na szczycie jaka łuna.” Wierzchołki Czatyrdahu po zachodnie słońca,",remove
27081,skutkiem odbijających się promieni przez czas jakiś zdają się być w,remove
27081,ogniu.,remove
27081,"„Chylat.” Suknia honorowa, którą Sułtan obdarza wielkich urzędników",remove
27081,państwa.,remove
27081,„Czatyrdah.” Najwyższy w paśmie gór Krymskich na brzegu południowym;,remove
27081,"daje się widzieć zdaleka, niemal na 200 werst, z różnych strón, w",remove
27081,postaci olbrzymiéj chmury sinawego koloru.,remove
27081,VI. „Bakczysaraj.” W dolinie otocznéj ze wszech strón górami leży miasto,remove
27081,"Bakczysaraj, niegdyś stolica Girajow, Hanów Krymskich.",remove
27081,"„Bakczysaraj głoskami.” „Teyze godziny wyszły palce ręki człowieczey,",remove
27081,"które pisały przeciwko świcznikowi na ścienie pałacu Królewskiego, a",remove
27081,"Król (Balsazar) widział część ręki, która pisała” Proroctwo Danielowe. V",remove
27081,"5, 25, 26, 27, 28.",remove
27081,"VII. „Rozchodzą się z Dżamidów.” Mesdzid lub Dżiami, sąto zwyczajne",remove
27081,meczety. Zewnątrz po rogach świątyni wznoszą się cienkie wystrzelone w,remove
27081,"niebo wieżyczki, które minaretami, menaré, zowią; są one w połowie swéj",remove
27081,"wysokości otoczone galeryą, szurfé, z której miuezzinowie, czyli",remove
27081,"oznajmiciele, zwołują lud na modlitwę. To zwoływanie wyśpiewane z",remove
27081,"galeryi zowie się izanem. Pięć razy na dzień, w oznaczonych godzinach",remove
27081,"daje się słyszéć izan ze wszystkich minaretów, a czysty i donośny głos",remove
27081,"miuezzinów przyjemnie rozlega się w powietrzokręgu miast muzułmańskich,",remove
27081,"w których, s powodu nieużywania kołowych pojazdów, szczególniejsza",remove
27081,"cichość panuje. (Sękowski, Collectanea. T. I. k. 66.)",remove
27081,"„W dywanie Eblisa.” Eblis albo Iblis lub Garazel, jest to Lucyper u",remove
27081,Mohametanów.,remove
27081,"„Pędem Farysa,” Farys, rycerz u Arabów Beduinów.",remove
27081,VIII. „Grób Potockiéj.” Niedaleko pałacu Hanów wznosi się mogiła w,remove
27081,guście wschodnim zbubowana z okrągłą kopułą. Jest powieść między,remove
27081,"pospólstwem w Krymie, że ten pomnik wystawiony był przez Kerim Giraja",remove
27081,"dla niewolnicy, którą nadzwyczajnie kochał. Niewolnica miała być Polka,",remove
27081,"z domu Potockich. Autor uczenie i pięknie napisanéj podróży po Krymie,",remove
27081,"Murawjew-Apostoł, utrzymuje że powieść ta jest bez zasady, i że",remove
27081,grobowiec kryje zwłoki jakiejś Gruzinki. Nie wiémy na czem opiéra swoje,remove
27081,mniemanie; bo zarzut iż Tatarowie w połowie ośmnastego wieku tak łatwo,remove
27081,"niewolnic z domu Potockich uprowadzać nie mogli, nie iest dostateczny.",remove
27081,"Wiadome są ostatnie zaburzenia kozackie na Ukrainie, skąd nie mało ludu",remove
27081,uprowadzono i przedano sąsiednim Tatarom. W Polszcze liczne są familije,remove
27081,szlacheckie imienia Potockich; i wspomniona branka nie koniecznie mogła,remove
27081,"należeć do znakomitego domu dziedziców Humania, który najazdom Tatarskim",remove
27081,lub rozruchom kozackim mniej był dostępnym. S powieści gminnéj o,remove
27081,grobowcu Bakczysarajskim poeta Rossyjski Alexander Puszkin z właściwym,remove
27081,mu talentem napisał powieść: „Fontanna Bakczysarajska”,remove
27081,"IX. „Mogiły Haremu.” W roskosznym ogrodzie, wśród wysmukłych topoli i",remove
27081,"drzew morwowych stoją grobowce z białego marmuru Hanów i Sułtanów, ich",remove
27081,żon i krewnych; w pobliskich dwóch budowach leżą truny zwalone bez ładu;,remove
27081,"były one niegdyś bogato wybite, dziś stérczą nagie deski i szmaty",remove
27081,całunu.,remove
27081,„Nad niemi turban zimny.” Muzułmanie nad grobami mężczyzn i niewiast,remove
27081,stawią kamienne zawoje innego dla obu płci kształtu.,remove
27081,„Dłonią Gaura wyryte imiona.” Gaur znaczy „niewierny.” Tak Muzułmanie,remove
27081,nazywają chrześcijan.,remove
27081,"X. „Bajdary.” Piękna dolina, przez którą zwykle wjeżdza się na brzeg",remove
27081,południowy Krymu.,remove
27081,XI. „Ałuszta.” Jedno z miejsc najroskoszniejszych Krymu; tam już wiatry,remove
27081,"północne nigdy nie dochodzą, i podróżny w listopadzie szuka częstokroć",remove
27081,chłodu pod cieniem ogromnych orzechów włoskich jeszcze zielonych.,remove
27081,"„Rannym szumi namazem niwa” Namaz, modlitwa Muzułmańska, którą",remove
27081,odprawiają siedząc i bijąc pokłony.,remove
27081,"„Jak z różańca Kalifów.” Muzułmanie używają wczasie modłów różańca,",remove
27081,który u znakomitych osób s kosztownych bywa kamieni.,remove
27081,"„Rubin i granaty.” Granatowe i morwowe drzewa, czerwieniejące się",remove
27081,"roskosznym owocem, są pospolite na całym brzegu południowym Krymu.",remove
27081,XIII. „Padyszah.” tytuł Sułtana Tureckiego.,remove
27081,"„Gabryel.” Zostawiam imię Gabryela, jako powszechniéj znajome; ale",remove
27081,właściwym strażnikiem niebios podług mitologii wschodniéj jest Rameh,remove
27081,"(konstellacya arcturus), jedna z dwóch wielkich gwiazd zwanych es",remove
27081,semekein.,remove
27081,"XIV. „Salhiry Dziewice.” Salhir, rzeka w Krymie, wypływa s podnóża",remove
27081,Czatyrdahu.,remove
27081,XV. „Czufut-Kale.” Miasteczko na wyniosłéj skale; domy na brzegu stojące,remove
27081,mają podobieństwo do gniazd jaskółczych; ściészka wiodąca na górę jest,remove
27081,przykra i nad przepaścią wisząca. W samém mieście ściany domów łączą się,remove
27081,"prawie ze zrębem skały; spójrzawszy przez okno, wzrok gubi się w głębi",remove
27081,niezmiernéj.,remove
27081,„Tu jeżdziec końskim nogom swój rozum powierza.” Koń Krymski w trudnych,remove
27081,i niebespiecznych przeprawach zdaje się posiadać szczególniejszy,remove
27081,"instynkt ostrożności i pewności. Nim krok postawi, trzymając na",remove
27081,"powietrzu nogę, szuka kamienia i probuje czy bespiecznie stąpić i ostać",remove
27081,się może.,remove
27081,XVI. „Ptak-Góra.” Znajomy s Tysiąca nocy. Jest to sławny w mitologii,remove
27081,"perskéj, powielekroć od poetów wschodnich opisywany ptak Simurg. „Wielki",remove
27081,"on, (powiada Firdussi w Szah nameh) jak góra, a mocny jak twierdza,",remove
27081,"słonia unosi w szponach swoich,” i daléj: „ujrzawszy rycerzy (Simurg)",remove
27081,"zerwał się jak chmura ze skały, na któréj mieszka, i ciągnął przez",remove
27081,"powietrze jak huragan, rzucając cień na wojska jeźdzców” Obacz Hammera.",remove
27081,Geschichte Riedekünste Persiens. Wien 1818. p. 65.,remove
27081,"„To chmura.” Z wierzchołka gór wyniesionych nad krainę obłoków, jeżeli",remove
27081,"spójrzymy na chmury płynące po nad morzem, zdaje się że leżą na wodzie w",remove
27081,kształcie wielkich wysp białych. Ciekawy ten fenomen oglądałem s,remove
27081,Czatyrdahu.,remove
27081,XVII. „Ruiny zamku w Bałakławie.” Nad zatoką tego imienia stoją gruzy,remove
27081,"zamku, zbudowanego niegdyś przez Greków przychodniów z Miletu. Poźniej",remove
27081,Genueńczycy wznieśli na tém miejscu twierdzę Cembalo.,remove
27871,Zygmunt Krasiński,remove
27871,MOJA BEATRICE,remove
27871,W KRAKOWIE,remove
27871,CZCIONKAMI DRUKARNI „CZASU”,remove
27871,pod zarządem J. Łakocińskiego.,remove
27871,1878,remove
27871,NAKŁADEM REDAKCYI „CZASU”,remove
27871,OD WYDAWCY.,remove
27871,"Zebrane tu poezye, częściowo umieszczane w „Czasie”, uporządkowane",remove
27871,"zostały chronologicznie o tyle, o ile przy nich położył poeta datę dnia,",remove
27871,roku i miejsca. Jako luźne kartki nie miały one żadnego tytułu; a że,remove
27871,"odnosiły się do osoby, któréj w „Przedświecie” Autor dał miano Beatrycy,",remove
27871,"osądziłem więc za stosowne nadać temu zbiorkowi tytuł: „Moja Beatrice”,",remove
27871,"tém bardziéj, że w pomienionym poemacie poeta powołuje się na Beatrycę i",remove
27871,"mówi, że ten „Anioł podobnie jak Danta z piekieł i jego wybawił z",remove
27871,"otchłani”. A daléj opowiadając jakby dzieje téj platonicznéj miłości,",remove
27871,odzywa się:,remove
27871,"    „W jednych my cierniów chadzali koronie,",remove
27871,"    Krew moich dłoni krwawiła twe dłonie,",remove
27871,    I z jednych trucizn piekielnego zdroja,remove
27871,"    My pili razem, o Beatryx moja!”",remove
27871,"Następne wiersze możnaby przypuszczać, że się odnoszą do tych, a w",remove
27871,"różnych chwilach wyśpiewanych zwrotek, które dziś podaję w jednym",remove
27871,"zbiorze, o czém poeta zlekka zdaje się natrącać:",remove
27871,"    „A jednak, jednak mój jęk, twe westchnienia",remove
27871,"    Zmieszane, zlane, przebrzmiały na pienia!",remove
27871,    Z dwóch smutków w duszne spojonych zamęście,remove
27871,    Wzbił się głos jeden...”,remove
27871,Dla miłośników wzniosłéj liryki Zygmunta Krasińskiego „głos” ten,remove
27871,"powinien być pożądaną nowością, albowiem rzuca na dzieje jego serca i",remove
27871,"ducha takie same światło, jakie rzucają Sonety, Sirwenty i Kanzony",remove
27871,"Danta, na tajemniczą postać florenckiego poety.",remove
27871,    _Lucyan Siemieński._,remove
27871,POEZYE,remove
27871,"Niewymarzona, a cudowna.",remove
27871,"    _Neapol, 1839 r._",remove
27871,Znasz co namiętność? czy ty wiesz co piekło?,"Niewymarzona, a cudowna."
27871,Gdy myśl jak skorpion w ogniu się przewraca?,"Niewymarzona, a cudowna."
27871,"Gdy serce kipi żądzą szczęścia wściekłą,","Niewymarzona, a cudowna."
27871,I życie życiem co chwila się skraca!,"Niewymarzona, a cudowna."
27871,"Czy wiesz co próżnia? czy znasz świat nicości,","Niewymarzona, a cudowna."
27871,"Gdzie wszystko zmarło, a żyć jeszcze trzeba,","Niewymarzona, a cudowna."
27871,"Żyć bez nadziei i żyć bez miłości,","Niewymarzona, a cudowna."
27871,"Patrząc się w niebo, nie wrócić do nieba!","Niewymarzona, a cudowna."
27871,Serce się moje w perzynę rozwiało!,"Niewymarzona, a cudowna."
27871,"Byłem tak smutny, jak nocy milczenie--","Niewymarzona, a cudowna."
27871,"Byłem tak zimny, jak umarłych ciało--","Niewymarzona, a cudowna."
27871,I tak samotny jak umarłych cienie.,"Niewymarzona, a cudowna."
27871,"Na ustach moich drgał śmiech żartobliwy,","Niewymarzona, a cudowna."
27871,Ludzie go mieli za radości znamię--,"Niewymarzona, a cudowna."
27871,Ludzie mówili: „Jaki on szczęśliwy!”,"Niewymarzona, a cudowna."
27871,"Jam tylko wiedział, że ten śmiech mój kłamie","Niewymarzona, a cudowna."
27871,"Tak długom błądził na życia pogrzebie,","Niewymarzona, a cudowna."
27871,"Nie znałem duszy, coby mnie pojęła--","Niewymarzona, a cudowna."
27871,"Anim jej szukał, aż spotkałem ciebie,","Niewymarzona, a cudowna."
27871,"Równie samotną, żądza mnie zdjęła","Niewymarzona, a cudowna."
27871,Jeszcze raz w życiu spojrzeć w twarz anioła:,"Niewymarzona, a cudowna."
27871,"Jeszcze raz w życiu, nim zamknę powieki,","Niewymarzona, a cudowna."
27871,Nim darń cmentarzy dotknie mego czoła,"Niewymarzona, a cudowna."
27871,Wyrzec do ciebie: „Teraz i na wieki.”,"Niewymarzona, a cudowna."
27871,"Znów czuję węża, który mnie oplata","Niewymarzona, a cudowna."
27871,"Znów czuję Boga, który mnie porywa--","Niewymarzona, a cudowna."
27871,"Sen śmierci znika, a w obszarach świata.","Niewymarzona, a cudowna."
27871,Hymn wniebowstąpień zewsząd się odzywa!,"Niewymarzona, a cudowna."
27871,........................................,"Niewymarzona, a cudowna."
27871,Jakaż to przestrzeń zielona podemną?,"Niewymarzona, a cudowna."
27871,Jakież sklepienie błękitu nademną?,"Niewymarzona, a cudowna."
27871,"Wszystkiemi marzeń zasiane tęczami,","Niewymarzona, a cudowna."
27871,Wszystkich aniołów zasute skrzydłami..,"Niewymarzona, a cudowna."
27871,"Słońc, gwiazd, księżyców okryte rojami!","Niewymarzona, a cudowna."
27871,........................................,"Niewymarzona, a cudowna."
27871,........................................,"Niewymarzona, a cudowna."
27871,"Znów serce bije, to wiosna nadchodzi--","Niewymarzona, a cudowna."
27871,Słyszę śpiew ptaków i czuję woń róży--,"Niewymarzona, a cudowna."
27871,Bujam po morzu--gdzieś w skrzydlatej łodzi,"Niewymarzona, a cudowna."
27871,"Wody tak ciche, ach, nie będzie burzy.","Niewymarzona, a cudowna."
27871,"Żagiel mój biały jak sztandar powija,","Niewymarzona, a cudowna."
27871,"Przestwór lazuru ciągnie się przedmną,","Niewymarzona, a cudowna."
27871,"Ta, którą kocham może płynie zemną,","Niewymarzona, a cudowna."
27871,Może w jéj duchu mój duch się odbija?--,"Niewymarzona, a cudowna."
27871,"Może, gdy patrzy na te śliczne fale","Niewymarzona, a cudowna."
27871,Głos tajemniczy szepcze jej do ucha,"Niewymarzona, a cudowna."
27871,"Spowiedź méj duszy, i wszystkie me żale...","Niewymarzona, a cudowna."
27871,--Tylko czyż ona tego głosu słucha?,"Niewymarzona, a cudowna."
27871,"A może teraz, gdy oczy zwróciła,","Niewymarzona, a cudowna."
27871,A jam me czoło pochylił w cierpieniu,"Niewymarzona, a cudowna."
27871,Mówić coś chciała--lecz nic nie mówiła--,"Niewymarzona, a cudowna."
27871,Rękę jéj tylko ścisnąłem w milczeniu.--,"Niewymarzona, a cudowna."
27871,"Czyż to nie widmo, które ja stworzyłem?","Niewymarzona, a cudowna."
27871,I w chwili natchnień sam wywiodłem z siebie?,"Niewymarzona, a cudowna."
27871,Nie! tej postaci ja nie wymarzyłem!,"Niewymarzona, a cudowna."
27871,Ona przez Boga wymarzona w niebie!,"Niewymarzona, a cudowna."
27871,"I tu na chwilę tak krótką zleciała,","Niewymarzona, a cudowna."
27871,Jak anioł siadła przy mej łodzi sterze;,"Niewymarzona, a cudowna."
27871,"Ach, gdyby tutaj na wieki została!","Niewymarzona, a cudowna."
27871,"Śmiejcie się wiatry, że ja w szczęście wierzę!","Niewymarzona, a cudowna."
27871,"Śmiejcie się fale, lecz płyńcie powoli,","Niewymarzona, a cudowna."
27871,Żaglu mój biały nie pędź tak po brzegu.,"Niewymarzona, a cudowna."
27871,"Ten dzień mi jeszcze nie jest dniem niedoli,","Niewymarzona, a cudowna."
27871,I chciałbym wstrzymać jego chwile w biegu!,"Niewymarzona, a cudowna."
27871,"Gdy lądu dotkniesz, ona zaraz wstanie","Niewymarzona, a cudowna."
27871,"I powie: “Żegnaj, bo wracam wśród ludzi!”","Niewymarzona, a cudowna."
27871,Cóż mi na świecie w tej chwili zostanie?,"Niewymarzona, a cudowna."
27871,Niech więc mnie jeszcze ta chwila nie budzi!..,"Niewymarzona, a cudowna."
27871,"Niech jeszcze marzę, że mi ten dzień bogi","Niewymarzona, a cudowna."
27871,"Na zawsze dali--że na wód krzysztale,","Niewymarzona, a cudowna."
27871,Zlały się razem losów naszych drogi,"Niewymarzona, a cudowna."
27871,By płynąć w wieczność razem jak te fale!,"Niewymarzona, a cudowna."
27871,........................................,"Niewymarzona, a cudowna."
27871,Jutro dopiero niech będę przeklęty!,"Niewymarzona, a cudowna."
27871,Niech gwóźdź jej dłonią z piersi mi wyjęty,"Niewymarzona, a cudowna."
27871,Padnie znów ostrzem i piersi przebije!,"Niewymarzona, a cudowna."
27871,"Niech jędza nudy, która we mnie żyje","Niewymarzona, a cudowna."
27871,Mózg mój wydrąży na otchłań piekielną,"Niewymarzona, a cudowna."
27871,Jak śmierć wystygłą--jak czas nieśmiertelną.--,"Niewymarzona, a cudowna."
27871,"Lecz jutro--jutro, a nie teraz Boże!","Niewymarzona, a cudowna."
27871,Tej reszty życia będę bronił wściekle--,"Niewymarzona, a cudowna."
27871,"Rozpacz mnie jutro czeka w mojem piekle,","Niewymarzona, a cudowna."
27871,Zostaw mi dzisiaj to błękitne morze!,"Niewymarzona, a cudowna."
27871,Boleść rozłączenia.,remove
27871,    _Neapol 1839 roku._,remove
27871,Czyż z Tobą wtedy raz ostatni byłem?,Boleść rozłączenia.
27871,"Smutnem przeczuciem dusza mi się żali,",Boleść rozłączenia.
27871,Bo na tym świecie wszystko co marzyłem,Boleść rozłączenia.
27871,Przeszło jak chmura i znikło w oddali!,Boleść rozłączenia.
27871,  I dla mnie rozdział jest godłem kochania,Boleść rozłączenia.
27871,"  Bom ile razy w życiu nienawidził,",Boleść rozłączenia.
27871,"  Los ze mnie wtedy połączeniem szydził,",Boleść rozłączenia.
27871,"  I gdziem przeklinał, nie było rozstania!",Boleść rozłączenia.
27871,"Tych tylko wiecznie ze łzami żegnałem,",Boleść rozłączenia.
27871,Których me serce czciło lub kochało--,Boleść rozłączenia.
27871,"I teraz, patrzaj, podobnie się stało--",Boleść rozłączenia.
27871,"Znać, gdzieś została, tam kochać musiałem.",Boleść rozłączenia.
27871,  Gdzież jesteś teraz? czy sama w komnacie,Boleść rozłączenia.
27871,  Dumasz nad dniami ubiegłych radości?,Boleść rozłączenia.
27871,  Gorżko ci w duszy po anielskiej stracie,Boleść rozłączenia.
27871,  I rozpacz matki na Twem czole gości--,Boleść rozłączenia.
27871,A możeś poszła chodzić po nad brzegiem,Boleść rozłączenia.
27871,"Wód źwierciadlanych, gdzie fala spieniona",Boleść rozłączenia.
27871,Konając stopy głaskała ci śniegiem--,Boleść rozłączenia.
27871,Ja byłem wtedy przy Tobie--jak ona!,Boleść rozłączenia.
27871,"  Jak ona, dzisiaj rozbity, daleki,",Boleść rozłączenia.
27871,"  Nie wiem gdzie jestem, przed ludźmi się kryję--",Boleść rozłączenia.
27871,  Ona gdzieś w morzu przepadła na wieki--,Boleść rozłączenia.
27871,  W Twojej pamięci czy ja dotąd żyję?,Boleść rozłączenia.
27871,"Ona szczęśliwsza, bo poszła w głębiny,",Boleść rozłączenia.
27871,"Nie czując żalu, nie znając miłości,",Boleść rozłączenia.
27871,Dla niej nie było uroku godziny,Boleść rozłączenia.
27871,I dla niej nie ma rozstania wieczności!,Boleść rozłączenia.
27871,  Ona śpi teraz na koralu łożach--,Boleść rozłączenia.
27871,  żaden jej wicher rozbicia nie wróży--,Boleść rozłączenia.
27871,"  A ja się błąkam po życia bezdrożach,",Boleść rozłączenia.
27871,  Miota mną burza i skonam wśród burzy!,Boleść rozłączenia.
27871,Pożegnanie Italii.,remove
27871,    _Splugen 11 lipca 1840 r._,remove
27871,O ziemio włoska! dziś mi nie żal ciebie,Pożegnanie Italii.
27871,"Za to, że wieczną ty się maisz wiosną,",Pożegnanie Italii.
27871,"Że po twych drogach święte mirty rosną,",Pożegnanie Italii.
27871,Że jak Archanioł twe słońce na niebie--,Pożegnanie Italii.
27871,I że jak Anioł bladawszego lica,Pożegnanie Italii.
27871,"Świeci twój księżyc, niebios twych dziewica--",Pożegnanie Italii.
27871,Że z każdej w zmierzchu tkniętéj mórz twych fali,Pożegnanie Italii.
27871,"Bryzgnięta piana, jak diament się pali--",Pożegnanie Italii.
27871,Że po twych brzegach lecące luciole,Pożegnanie Italii.
27871,"Tańczą noc całą w sennych kwiatów kole,",Pożegnanie Italii.
27871,"Świecąc w powietrzu skrzydełek iskrami,",Pożegnanie Italii.
27871,Aniołki-stróże nad twych łąk różami!,Pożegnanie Italii.
27871,O ziemio włoska! dziś mi żal jest ciebie,Pożegnanie Italii.
27871,"Za to, żeś smętną przeszłości królową;",Pożegnanie Italii.
27871,"Nieszczęsną duchów nieśmiertelnych wdową,",Pożegnanie Italii.
27871,Żyjącą dzisiaj o żebraczym chlebie--,Pożegnanie Italii.
27871,"Że z twoich wzgórzów, jak bogi żałoby,",Pożegnanie Italii.
27871,Płaczą nad tobą mężów twoich groby!,Pożegnanie Italii.
27871,"Bo myślą tylko, a nie sercem całem",Pożegnanie Italii.
27871,Jam pojął odblask zmarłych twych wielkości,Pożegnanie Italii.
27871,A wyższą piękność od twojej piękności,Pożegnanie Italii.
27871,Jam sercem poznał--i odtąd kochałem!,Pożegnanie Italii.
27871,"Nie kuta z głazu, ani malowana",Pożegnanie Italii.
27871,Choćby nadziemskim pendzlem Rafaela--,Pożegnanie Italii.
27871,"Lecz dusza żywa, z pośród duchów wiela",Pożegnanie Italii.
27871,W twarz Anielicy od Boga ubrana,Pożegnanie Italii.
27871,I cierpieć--kochać--na świat ten posłana!,Pożegnanie Italii.
27871,"O ziemio włoska, gdy w serca żałobie",Pożegnanie Italii.
27871,"Rzucam twe błonia, nie płaczę po tobie,",Pożegnanie Italii.
27871,"Lecz za tą płaczę, którą zostawiłem",Pożegnanie Italii.
27871,"Tam, na twych brzegach, gdzie z nią razem żyłem,",Pożegnanie Italii.
27871,"Gdzie w każdej chwili, przez dni błogich wiele",Pożegnanie Italii.
27871,Jam jej powtarzał: „Kocham cię Aniele!”,Pożegnanie Italii.
27871,"O ziemio włoska, strzeż tego Anioła--",Pożegnanie Italii.
27871,"Gdy wysp łańcuchem zamknięta dokoła,",Pożegnanie Italii.
27871,Patrzy z skał twoich na błękitne fale,Pożegnanie Italii.
27871,I może na mnie łzą tęsknoty woła--,Pożegnanie Italii.
27871,Mów jej północnym wiatrów twych powiewem,Pożegnanie Italii.
27871,Żeś na ostatniej granie twoich skale,Pożegnanie Italii.
27871,Słyszała także mej rozpaczy żale--,Pożegnanie Italii.
27871,I żem cię żegnał miłości westchnieniem!,Pożegnanie Italii.
27871,Do Duchów.,remove
27871,(PRZY ŚWIETLE KSIĘŻYCA).,remove
27871,    _Sep. 1840._,remove
27871,"Ja was wyzywam duchy czy anieli,",Do Duchów.
27871,Co na błękitu gwiazdach królujecie--,Do Duchów.
27871,Coście na wieki z czoła smutek zdjęli:,Do Duchów.
27871,"Bom dziś szczęśliwszy na tym smutnym świecie,",Do Duchów.
27871,Niż wy w niebiesiech--nie lękam się wzroków,Do Duchów.
27871,Waszych tęczanych i skrzydeł z płomienia--,Do Duchów.
27871,Jak wy dziś płynę wśród światła potoków--,Do Duchów.
27871,"Jak wy, wznieść mogę nieśmiertelne pienia!",Do Duchów.
27871,"Tę, którą kocham, płaczącą widziałem--",Do Duchów.
27871,Łzą rozrzewnienia powrót mój witała--,Do Duchów.
27871,Odtąd sam cały na zawsze skonałem!,Do Duchów.
27871,"Bom zlał się z duszą tej, która płakała.",Do Duchów.
27871,Mówcie wy teraz duchy i anieli,Do Duchów.
27871,Czy w nierozłącznej z jej sercem jedności,Do Duchów.
27871,Duch mój niebiaństwa waszego nie dzieli?,Do Duchów.
27871,Choć pije z ziemskiej trucizny miłości?,Do Duchów.
27871,Wyście spokojni--trwałem wasze szczęście--,Do Duchów.
27871,Na ziemi radość--choć nie z ziemi rodem--,Do Duchów.
27871,Dwa serca spaja w wznioślejsze zamężcie,Do Duchów.
27871,Bo zagrożone boleści rozwodem!,Do Duchów.
27871,"Są chwile ludzkie, o! wam niedościgłe,",Do Duchów.
27871,Wy od nas górniej i piękniej mieszkacie;,Do Duchów.
27871,Lecz serca wasze wśród niebios wystygłe!,Do Duchów.
27871,Co piorun szczęścia w nieszczęściu--nie znacie!,Do Duchów.
27871,"Co kropla rosy wśród piekielnej spieki,",Do Duchów.
27871,Co twarz kochana po długim rozdziele!,Do Duchów.
27871,Co zmartwychwstanie po śmierci na wieki!,Do Duchów.
27871,Co kwiat w pustyni--co iskra w popiele!,Do Duchów.
27871,Co wzrok łez pełen--co ściśnienie ręki!,Do Duchów.
27871,Co wspólna bojaźń--co boleść dzielona!,Do Duchów.
27871,Nie--wy nie wiecie co na krzyżu męki,Do Duchów.
27871,Rozkwitająca cierniowa korona!,Do Duchów.
27871,"I ten kwiat głogów, na tej smutnej ziemi",Do Duchów.
27871,"Wszystkie wytrzyma słoty, wichry, burze--",Do Duchów.
27871,On z trosk wyrasta--on z smutków się plemi--,Do Duchów.
27871,"Świeży i piękny, jak Edeńskie róże!",Do Duchów.
27871,"Stokroć rozdarty, rozszarpany, zmięty,",Do Duchów.
27871,"Na czas upadnie w głąb duszy człowieka,",Do Duchów.
27871,"Tam niewidzialny, ale równie święty",Do Duchów.
27871,"Znów listki puszcza, pory słońca czeka!",Do Duchów.
27871,Takiego kwiatu duchy i anieli,Do Duchów.
27871,"Wy nie znajdziecie po waszych błękitach,",Do Duchów.
27871,"Bo się odświeża tylko w łez kąpieli,",Do Duchów.
27871,"Bo rośnie w głębi, a nigdy na szczytach!",Do Duchów.
27871,"Patrzcie na wieniec, co krwawi mi skronie--",Do Duchów.
27871,"To znak mój ludzki, to z purpury wstęga!",Do Duchów.
27871,"To kwiat męczarni, co wre w mojém łonie--",Do Duchów.
27871,I duch mój cierpi--lecz do was dosięga!,Do Duchów.
27871,"A kiedy nagle rozwidni się wkoło,",Do Duchów.
27871,"Gdy blask uniesień uderzy mi czoło,",Do Duchów.
27871,"Gdy noc tak jasna, cicha, nieskończona",Do Duchów.
27871,"Tę krew osrebrzy, co płynie mi z łona--",Do Duchów.
27871,Wtedy ja silniej od was wszystkich czuję!,Do Duchów.
27871,Wtedym prawdziwie syn nieskończoności--,Do Duchów.
27871,I wdzięczniej Bogu za chwilę dziękuję,Do Duchów.
27871,Niż wy gwiazd pany--za szczęście wieczności!,Do Duchów.
27871,Co mi się marzy?,remove
27871,"    _Splügen, 26 Sierpnia 1840 r._",remove
27871,W starożytnym tym kościele,Co mi się marzy?
27871,"U stóp smętnych tych ołtarzy,",Co mi się marzy?
27871,Ach! pamiętam o aniele!,Co mi się marzy?
27871,Tyś klęczała z łzą na twarzy!,Co mi się marzy?
27871,"I w tym domku wiejskim, małym,",Co mi się marzy?
27871,"Kiedy nocna cisza była,",Co mi się marzy?
27871,Tyś konając sercem całem,Co mi się marzy?
27871,Gorżko także się skarżyła!,Co mi się marzy?
27871,I tam później na wyżynach,Co mi się marzy?
27871,"Uwieńczonych ruinami,",Co mi się marzy?
27871,"Ty, siadając na ruinach",Co mi się marzy?
27871,Hymn śpiewała--westchnieniami!,Co mi się marzy?
27871,"Dziś na brzegu mórz bez końca,",Co mi się marzy?
27871,"Gdzie świat w wiecznym kwitnie maju,",Co mi się marzy?
27871,Tobie jednej nie ma słońca!,Co mi się marzy?
27871,Ty samotna w wiosen raju!,Co mi się marzy?
27871,Nad twą duszą jest potęga,Co mi się marzy?
27871,"Niewidzialna, która truje!",Co mi się marzy?
27871,"W przeszłość, w przyszłość po jad sięga,",Co mi się marzy?
27871,Teraźniejszość jadem psuje!,Co mi się marzy?
27871,"W każdem miejscu, w każdej dobie",Co mi się marzy?
27871,"Pośród krzyżów świętych, święty",Co mi się marzy?
27871,Nad twem sercem--jak na grobie--,Co mi się marzy?
27871,Krzyż nieszczęścia--ach! zatknięty!,Co mi się marzy?
27871,Boś z niebieskich gwiazd zesłana!,Co mi się marzy?
27871,"Więc na ziemi, gdzie aniele",Co mi się marzy?
27871,"Nie świat Boga--lecz szatana,",Co mi się marzy?
27871,"Łzy masz tylko, łzy w podziele!",Co mi się marzy?
27871,"Jeżli kochasz, nieszczęśliwa",Co mi się marzy?
27871,Wiecznie będziesz--bo kochanie,Co mi się marzy?
27871,"Wszystkie związki z ludźmi zrywa,",Co mi się marzy?
27871,Bolem tylko płaci za nie!,Co mi się marzy?
27871,"Ale jeżli kochasz święcie,",Co mi się marzy?
27871,Choć ci serce w proch się skruszy--,Co mi się marzy?
27871,Ty uczujesz--wniebowzięcie--,Co mi się marzy?
27871,W każdym bólu twojej duszy!,Co mi się marzy?
27871,I ja także już znękany--,Co mi się marzy?
27871,"Świat ten u mnie w poniewierce,",Co mi się marzy?
27871,"Odkąd hańbę wziąłem w serce,",Co mi się marzy?
27871,I wróg okuł mnie w kajdany!,Co mi się marzy?
27871,Gdzie niewola--tam w rozpaczy,Co mi się marzy?
27871,"Człowiek żyje na swej niwie,",Co mi się marzy?
27871,"Ciąg dni krótkich buntem znaczy,",Co mi się marzy?
27871,I umiera nieszczęśliwie!,Co mi się marzy?
27871,Mnie się marzy wśród wspomnienia,Co mi się marzy?
27871,"Snów przedziemskich, że gdzieś w niebie",Co mi się marzy?
27871,"Wśród mar błędnych przedstworzenia,",Co mi się marzy?
27871,"Jam Cię widział, jam znał Ciebie!",Co mi się marzy?
27871,"Mnie się marzy--żeś w koronie,",Co mi się marzy?
27871,Z meteorów tam siedziała,Co mi się marzy?
27871,"W sukni srebrnej, na chmur tronie,",Co mi się marzy?
27871,I żeś harfę w ręku miała--,Co mi się marzy?
27871,Mnie się marzy--że księżyce,Co mi się marzy?
27871,Pod twą stopą się tam lśniły,Co mi się marzy?
27871,I że wszystkie anielice,Co mi się marzy?
27871,"Nie tak piękne, jak ty były!",Co mi się marzy?
27871,"Mnie się marzy, żeś twym śpiewem",Co mi się marzy?
27871,Gwiazdy w biegu wstrzymywała,Co mi się marzy?
27871,"I umilkłszy, znów zalewem",Co mi się marzy?
27871,W noc błęknitną je rzucała!,Co mi się marzy?
27871,"Mnie się marzy, że w tem niebie",Co mi się marzy?
27871,"Tyś mnie zwała bratem, droga!",Co mi się marzy?
27871,Dziś powraca brat do Ciebie--,Co mi się marzy?
27871,Znów Cię woła w imię Boga!,Co mi się marzy?
27871,"Daj mi rękę, pójdziem razem",Co mi się marzy?
27871,"W puszcze wielkie, precz od ludzi,",Co mi się marzy?
27871,Gdzie nas jednym śmierci głazem,Co mi się marzy?
27871,Bóg przywali--nike nie zbudzi!,Co mi się marzy?
27871,"Chyba słowik siądzie wiosną,",Co mi się marzy?
27871,I konwalie tam porosną--,Co mi się marzy?
27871,"Chyba w nocy, jak gromnica,",Co mi się marzy?
27871,Grób omignie błyskawica!,Co mi się marzy?
27871,I znów potem cicho będzie,Co mi się marzy?
27871,Nam obojgu--po nad czołem!,Co mi się marzy?
27871,Kwiaty--błękit--wieczność wszędzie,Co mi się marzy?
27871,Nad człowiekiem i aniołem!,Co mi się marzy?
27871,Nie wrócę już!,remove
27871,"    _Monachium, 1840 r._",remove
27871,Kiedy kwiaty przyszłą wiosną,Nie wrócę już!
27871,Tam na wzgórzu znów porosną.,Nie wrócę już!
27871,Tam po wzgórzu zmierzchnią dobą,Nie wrócę już!
27871,Ja nie wrócę błądzić z Tobą.,Nie wrócę już!
27871,Kiedy księżyc nocą ciemną,Nie wrócę już!
27871,"Błyśnie srebrem na wód grobie,",Nie wrócę już!
27871,"Będziesz wołać nadaremno,",Nie wrócę już!
27871,Nie odpowiem ja już Tobie!,Nie wrócę już!
27871,Więc nie wołaj po imieniu,Nie wrócę już!
27871,"Tej, co z Tobą nigdy razem",Nie wrócę już!
27871,Już nie będzie--lecz w milczeniu,Nie wrócę już!
27871,Pójdź do grobu--siądź nad głazem!,Nie wrócę już!
27871,Tam wspominaj gorżką dolę,Nie wrócę już!
27871,Życia mego--zatrutego!,Nie wrócę już!
27871,I nabożnie moje bole,Nie wrócę już!
27871,Złóż w pamięci serca Twego!,Nie wrócę już!
27871,Gdzie cisza?,remove
27871,"    _Roma, November 1840._",remove
27871,Tak więc ciągle z burz na burze,Gdzie cisza?
27871,Wśród błyskawic po otchłani--,Gdzie cisza?
27871,"Bez wytchnięcia, bez przystani--",Gdzie cisza?
27871,Aż się wreszcie w głąb zanurzę!,Gdzie cisza?
27871,Ilem razy wśród zawiei,Gdzie cisza?
27871,Oczy smutne wzniósł do góry,Gdzie cisza?
27871,I gdzieś szukał gwiazd nadziei--,Gdzie cisza?
27871,Cóżem ujrzał--tylko chmury!,Gdzie cisza?
27871,"„Oto cisza, wiatr już kona”",Gdzie cisza?
27871,"Ile razy rzekłem sobie,",Gdzie cisza?
27871,Głos mi odgrzmiał z burzy łona:,Gdzie cisza?
27871,"„Ciszy niema, jedno w grobie.”",Gdzie cisza?
27871,"I tak daléj i tak wszędzie,",Gdzie cisza?
27871,"Od kolebki urodzenia,",Gdzie cisza?
27871,"Aż do trumny zapomnienia,",Gdzie cisza?
27871,Wir trosk sercem miotać będzie!,Gdzie cisza?
27871,"Aż przepadnie wszystko razem,",Gdzie cisza?
27871,Wszystko zginie--a na skale,Gdzie cisza?
27871,Drzymać będą tylko fale,Gdzie cisza?
27871,Wieczności obrazem!,Gdzie cisza?
27871,Błękit duszy.,remove
27871,    _1 Stycznia 1841 roku._,remove
27871,Myślałem nieraz--przez znak dotykalny,Błękit duszy.
27871,"Wyrazić Tobie ten świat idealny,",Błękit duszy.
27871,"Cudowny, skryty, własny twego ducha,",Błękit duszy.
27871,Zkąd życia twoje co chwila wybucha--,Błękit duszy.
27871,"W którym twa dusza łamiąc się na dwoje,",Błękit duszy.
27871,Jakiemś podziemnem i wewnętrznem okiem,Błękit duszy.
27871,"Patrzy przed sobą w własne myśli swoje,",Błękit duszy.
27871,Wiecznym z jej głębi rwące się potokiem!,Błękit duszy.
27871,"A choć się w przepaść sama rozstępuje,",Błękit duszy.
27871,"Zawsze się jedną, zawsze całą czuje.",Błękit duszy.
27871,Tak Eter niebios choć tylko promieniem,Błękit duszy.
27871,Gwiazd swoich widny--gwiazdy owe rodzi,Błękit duszy.
27871,"Przedziela, łączy i wszystkie obwodzi",Błękit duszy.
27871,Rozbłękitniony wieczności pierścieniem!,Błękit duszy.
27871,"Każda w nim żyje, kołuje, umiera--",Błękit duszy.
27871,One są jego myślami na niebie--,Błękit duszy.
27871,"On ich rodzicem, a jednak sam siebie",Błękit duszy.
27871,"W ich barwy stroi, w ich ognie ubiera--",Błękit duszy.
27871,Dopiero niemi roziskrzony cały,Błękit duszy.
27871,Zowie się niebem i drży w blaskach chwały!,Błękit duszy.
27871,"Jak Eter w świecie, tak jest w twojej duszy",Błękit duszy.
27871,"Błękit odwieczny, niebieski, kryjomy;",Błękit duszy.
27871,"Co wtedy tylko staje się widomy,",Błękit duszy.
27871,Gdy się na poprzek rozedrze i wzruszy--,Błękit duszy.
27871,"Gdy się w wir myśli rozbije, rozłamie,",Błękit duszy.
27871,"I w myślach własnych, jakby w gwiazd szeregu",Błękit duszy.
27871,"Ujrzy odwieczne światła swego znamie,",Błękit duszy.
27871,Sam siebie porwie do życia i biegu!,Błękit duszy.
27871,"Lecz twój ten błękit, co wszystko kojarzy,",Błękit duszy.
27871,"Co raz jest źródłem--to znowu łańcuchem,",Błękit duszy.
27871,"Co razem z Tobą i nad Tobą marzy,",Błękit duszy.
27871,Wieszli ten błękit jak się zowie? Duchem!,Błękit duszy.
27871,Duch Twój na wieki Boskiego odnoga,Błękit duszy.
27871,"Dzieli się w Trójce, jak wielki Duch Boga",Błękit duszy.
27871,"Nawzajem patrzy, i sam jest patrzony",Błękit duszy.
27871,"I w każdej chwili życia ma trzy strony,",Błękit duszy.
27871,"Z których się jedna na myśli rozkraja,",Błękit duszy.
27871,A druga patrzy--Trzecia wszystko spaja!,Błękit duszy.
27871,Lecz ciebie godząc połączeń miłością,Błękit duszy.
27871,I myśli Twoje odnosząc do Ciebie,Błękit duszy.
27871,Czyż duch ten trzeci nie jest Twą całością?,Błękit duszy.
27871,Gwiazd i błękitu zlaniem się na niebie!,Błękit duszy.
27871,........................................,Błękit duszy.
27871,Zdarte maski.,Błękit duszy.
27871,"Im dalej idę, tem się okolica",Błękit duszy.
27871,Młodości mojej bardziej rozsmętniwa!,Błękit duszy.
27871,Z jej pogrzebnego wyczytam już lica,Błękit duszy.
27871,Jaki się koniec w losach mych ukrywa!,Błękit duszy.
27871,"A zewsząd tłoczy się stek ludzi, zdarzeń,",Błękit duszy.
27871,Co rwie mnie silnie w dalszą przestrzeń bytu!,Błękit duszy.
27871,Lecz we mnie samym wymiera świat marzeń!,Błękit duszy.
27871,"Schną łzy miłości, gasną skry zachwytu.",Błękit duszy.
27871,"Bo gdzie tknę ręką, płazy napotykam",Błękit duszy.
27871,"Ruchawe, chłodne--moich bliźnich dłonie,",Błękit duszy.
27871,"Gdzie wzrokiem sięgnę, głąb dusz ich przenikam",Błękit duszy.
27871,"A tam fałsz czyha, lub żar złości płonie!",Błękit duszy.
27871,Wszyscy szlachetni! tak brzydzą się złotem!,Błękit duszy.
27871,Tacy gotowi poledz w świętej walce--,Błękit duszy.
27871,A każden miota na drugiego błotem,Błękit duszy.
27871,I każden równy wiotką duszą--lalce!,Błękit duszy.
27871,"Myślą, że maskę wdziawszy karnawału,",Błękit duszy.
27871,Miedziane czoło cofną mi z przed oka--,Błękit duszy.
27871,"O! jest szał święty, co pada z wysoka--",Błękit duszy.
27871,Lecz wyście tylko arlekiny szału!,Błękit duszy.
27871,"Nos bohatyrski z papieru lepiony,",Błękit duszy.
27871,"Głos grzmiący męztwem, dopóki w przyłbicy,",Błękit duszy.
27871,Płaszcz wzorem togi przez pierś przerzucony,Błękit duszy.
27871,Oczy jarzące z dwóch dziur jak knot świécy!,Błękit duszy.
27871,"Lub bladość smętna pędzlem bielmowana,",Błękit duszy.
27871,Niewieścia słodycz na lepkim kartonie--,Błękit duszy.
27871,"Myśl jakaś wzniosła--szkoda, że udana",Błękit duszy.
27871,O cierniach ziemi i o wczesnym zgonie!,Błękit duszy.
27871,"Skrzydła anielskie z dwóch złotych arkuszy,",Błękit duszy.
27871,Do ramion spięte szpilkami--wiszące--,Błękit duszy.
27871,"Wszystko co pany i panie, mnie wzruszy",Błękit duszy.
27871,"Tyle, co mucha brzęcząca na łące!",Błękit duszy.
27871,O znam się na was! wiem komu siedzi,Błękit duszy.
27871,"Pod lewą piersią, gdy o czuciu gada!",Błękit duszy.
27871,"Lub nad ojczyzną umarłą łzy cedzi,",Błękit duszy.
27871,I z swych przedemną spisków się spowiada!,Błękit duszy.
27871,"Gdyby w tej chwili, w tym samym pokoju,",Błękit duszy.
27871,"Gdzie tak rozprawiasz drzwi się otworzyły,",Błękit duszy.
27871,I wszedł duch: „powstań wołając: do boju!”,Błękit duszy.
27871,Padłbyś na krzesło blady i bez siły!,Błękit duszy.
27871,"Lub też znienacka, gdyby straż więzienia",Błękit duszy.
27871,"Przyszła cię pojmać i okuć w kajdany,",Błękit duszy.
27871,Tybyś przysięgał na Chrystusa rany,Błękit duszy.
27871,Żeś syn niewoli--dziedzic poniżenia--,Błękit duszy.
27871,I w sto tyśiączne gnąc się tłomaczenia,Błękit duszy.
27871,Sto razy wrogów nazwał twymi pany!,Błękit duszy.
27871,--I nie to jeszcze--gdyby tylko trzeba,Błękit duszy.
27871,"Dla grobu tego nad którym tak płaczesz,",Błękit duszy.
27871,"Zżymasz się, krzyczysz, sejmikujesz, skaczesz,",Błękit duszy.
27871,"Mnie łez umarłym, tylko trochę chleba",Błękit duszy.
27871,"Dać ich sierotom, by, porosłszy w siłę,",Błękit duszy.
27871,"W gmach życia ojców zmienili mogiłę,",Błękit duszy.
27871,I nad nią sztandar zmartwychwstań zatknęli--,Błękit duszy.
27871,"Ja ci powiadam, ty z Pergamu rodem",Błękit duszy.
27871,"Żebyś ty zemknął w łóżko do pościeli,",Błękit duszy.
27871,"Okrył się cały malowanym wrzodem,",Błękit duszy.
27871,"Jęczał bez zmysłów, a trzos pełen srebra",Błękit duszy.
27871,"Złożył tymczasem pod poduszką, w głowach",Błękit duszy.
27871,"I strzegł go lepiej, niż strzegł Adam żebra,",Błękit duszy.
27871,"Bobyś w malignie wciąż śpiewał o wdowach,",Błękit duszy.
27871,"Dzieciach, kalekach--a sam Bóg wszechmocny",Błękit duszy.
27871,Nie mógłby spuścić na ciebie sen nocny,Błękit duszy.
27871,"Tak twardy, głuchy, by ktokolwiek z świata",Błękit duszy.
27871,Z pod głów ci wyjął dla wdów tych dukata!,Błękit duszy.
27871,Choćbyś i skonał--to jeszcze twa mara,Błękit duszy.
27871,"Trzosby ten z sobą uniosła do trumny,",Błękit duszy.
27871,Braciom jednego nie dawszy talara!,Błękit duszy.
27871,Widzisz--znam ciebie--tyś człowiek rozumny--,Błękit duszy.
27871,Napis ci nawet wyryją na grobie:,Błękit duszy.
27871,    Cny obywatel--dobry mąż--nie sobie--,Błękit duszy.
27871,"    Co mógł z dóbr zebrać, poświęcał krajowi--",Błękit duszy.
27871,    Choćby swój nawet ostatni grosz wdowi!,Błękit duszy.
27871,    Po nim Ojczyzna i rodzina płaczą--,Błękit duszy.
27871,    Niech ty przechodnie pacierz zmówić raczą!”,Błękit duszy.
27871,--Zwódź ich za życia i zwódź ich po śmierci--,Błękit duszy.
27871,Lecz mnie nie przychodź omamiać kłamstwami--,Błękit duszy.
27871,Jam twoją duszę rozebrał na ćwierci--,Błękit duszy.
27871,Nikt nas nie słyszy--jesteśmy tu sami--,Błękit duszy.
27871,"Słuchaj więc mojej o tobie spowiedzi,",Błękit duszy.
27871,Gdyś mnie tak długo spowiadał się z siebie--,Błękit duszy.
27871,Możesz być cudem--dla głupiej gawiedzi--,Błękit duszy.
27871,Możesz być gwiazdą na studentów niebie--,Błękit duszy.
27871,"Lecz ty nie złudzisz równego mu ducha,",Błękit duszy.
27871,Gdziekolwiek ciebie spotka i wysłucha--,Błękit duszy.
27871,Bo z twoich oczu dla mnie podłość bucha,Błękit duszy.
27871,I poetyckich odgadnień spojrzeniem,Błękit duszy.
27871,Strasznem przeczuciem--z gwiazd spadłem natchnieniem--,Błękit duszy.
27871,"Kiedy się wdzieram w jamę twego serca,",Błękit duszy.
27871,"Widzę żeś skąpiec, matacz i oszczerca!",Błękit duszy.
27871,"--Zedrzeć twej maski nie myślę przed światem,",Błękit duszy.
27871,"Bom się nie rodził mordercą, ni katem!",Błękit duszy.
27871,"Wolno cię puszczam, lecz na mojej drodze",Błękit duszy.
27871,Ile cię razy spotkam--zbledniesz w trwodze!,Błękit duszy.
27871,"A twojej pustej, samochwalnej mowy",Błękit duszy.
27871,Oszczędź mym uszom--bo mnie twój fałsz parzy--,Błękit duszy.
27871,Bo mnie twe oko rani wzrokiem sowy!,Błękit duszy.
27871,I gardzę ogniem kłamanym twej twarzy!,Błękit duszy.
27871,"Nie taki płomień idzie z serca ludzi,",Błękit duszy.
27871,Gdy ich myśl wielka do czynu pobudzi!,Błękit duszy.
27871,"Inny koloryt wdziewa dumne czoło,",Błękit duszy.
27871,Gdy miłość w sercu--a śmierć naokoło!,Błękit duszy.
27871,"Spojrzyj w zwierciadło--samo szkło ci powie,",Błękit duszy.
27871,Że wawrzyn takiej nie przychylny głowie!,Błękit duszy.
27871,Komikiem jesteś--wróć cicho do domu,Błękit duszy.
27871,Ja mej pogardy nie powiem nikomu!,Błękit duszy.
27871,"Chybabyś dusze ufne, mdłe, dziecinne",Błękit duszy.
27871,"Chciał wieść do zguby przez chętkę próżności,",Błękit duszy.
27871,"I na łup wrogom wydawszy niewinne,",Błękit duszy.
27871,Po nich wziąść w zysku blask popularności!,Błękit duszy.
27871,Chybabyś znowu ze strachu sprosnego,Błękit duszy.
27871,"Z trwogi o pieniądz, lub z bojaźni kary,",Błękit duszy.
27871,"Gdy długo skryte dojrzeją zamiary,",Błękit duszy.
27871,"Gdy zacznie wołać głos grzmotu boskiego,",Błękit duszy.
27871,"I blisko będzie już tej wielkiej chwili,",Błękit duszy.
27871,W której grób pęknie a złe się przesili--,Błękit duszy.
27871,Chciał wstrzymać fale rwące się potoku--,Błękit duszy.
27871,Jednych przerazić--drugim w krzyż spleść dłonie,Błękit duszy.
27871,Jak duch doradczy stanąć przy ich boku--,Błękit duszy.
27871,"Zawrócić w lochy puszczonych na błonie,",Błękit duszy.
27871,Hasła w pół łamać i szable odbierać--,Błękit duszy.
27871,I nigdy--nigdy w polu nie umierać!..,Błękit duszy.
27871,Wtedy cię znajdę i takiem imieniem,Błękit duszy.
27871,"Przywitam wobec zgromadzonych ludzi,",Błękit duszy.
27871,"Że mi się staniesz pyłem, mgłą, tchem, cieniem--",Błękit duszy.
27871,I jak trup padniesz i nikt cię nie zbudzi!,Błękit duszy.
27871,"...Teraz cię żegnam, bo mi inne mary",Błękit duszy.
27871,W rzeczywistego życia okręg wchodzą--,Błękit duszy.
27871,"Innego kroju upiory, poczwary,",Błękit duszy.
27871,Na drodze mojej tłumami się rodzą!,Błękit duszy.
27871,........................................,Błękit duszy.
27871,Miłość ideału.,remove
27871,    _Nizza 1855 r. na wiosnę._,remove
27871,  Ziemskości cień,Miłość ideału.
27871,  To ducha noc!,Miłość ideału.
27871,  Skra Bożych tchnień,Miłość ideału.
27871,  To ducha moc!,Miłość ideału.
27871,  I natchnienie,Miłość ideału.
27871,  Jak zbawienie,Miłość ideału.
27871,  Zsyła Pan!,Miłość ideału.
27871,  Niem ochrzczon duch,Miłość ideału.
27871,"  Świat wprawia w ruch,",Miłość ideału.
27871,  W niebieski tan!,Miłość ideału.
27871,  Sam się łączy,Miłość ideału.
27871,  Z Wiecznym w Niebie--,Miłość ideału.
27871,  Światło sączy,Miłość ideału.
27871,  Niebo z siebie!,Miłość ideału.
27871,  Kto z natchnienia,Miłość ideału.
27871,"  Śpiewa, szlocha,",Miłość ideału.
27871,"  Ziemię kocha,",Miłość ideału.
27871,  Ziemię zmienia!,Miłość ideału.
27871,"Siostro moja, coś w żałobie,",Miłość ideału.
27871,Niechaj serce twoje słucha!,Miłość ideału.
27871,"Błogosławię Tobie,",Miłość ideału.
27871,Zwiastowaniem ducha!,Miłość ideału.
27871,  Niech twa dusza smutek zmoże!,Miłość ideału.
27871,"  Niech ci w piersiach wznijdzie zorze,",Miłość ideału.
27871,  Którem życia męty,Miłość ideału.
27871,  Otęcza Duch Święty!,Miłość ideału.
27871,"Wszystko dotąd co westchnieniem,",Miłość ideału.
27871,"Płaczem, męką i żałobą,",Miłość ideału.
27871,"Stań się w Tobie pieniem,",Miłość ideału.
27871,A to pienie--Tobą!,Miłość ideału.
27871,  Tworzyć będziesz--kochaj tylko,Miłość ideału.
27871,  Ideału święte włości!,Miłość ideału.
27871,  Wszystko nikłą chwilką,Miłość ideału.
27871,  Prócz wiecznej miłości!,Miłość ideału.
27871,A gdzie ona--tam i siła,Miłość ideału.
27871,Co świat z Boga wydobyła!,Miłość ideału.
27871,Ta sama w iskierce,Miłość ideału.
27871,Spadnie ci w serce!,Miłość ideału.
27871,  Krańce światów się odcieśnią,Miłość ideału.
27871,  Znieskończeni się głąb duszy--,Miłość ideału.
27871,  I z życia katuszy,Miłość ideału.
27871,  Ty wypłyniesz pieśnią!,Miłość ideału.
27871,[Page 38],remove
27871,Jak w przestrzeni nieskończonej,Miłość ideału.
27871,"Nowe słońca--nowe światy,",Miłość ideału.
27871,W piersi przepieśnionej,Miłość ideału.
27871,Błysną natchnień kwiaty.,Miłość ideału.
27871,"  I ty sypać będziesz niemi,",Miłość ideału.
27871,"  Ty, coś tyle ty bolała,",Miłość ideału.
27871,  Zbolałbym na ziemi,Miłość ideału.
27871,  Sama zmartwychstała!,Miłość ideału.
27871,Postanowienie.,remove
27871,    _24 czerwca_ (bez miejsca).,remove
27871,Niech moja dusza będzie cicha--czysta,Postanowienie.
27871,Jak ta noc letnia--spokojna--przejrzysta!,Postanowienie.
27871,Niech gwiazd tych złotych oblany pokojem,Postanowienie.
27871,Idę w świat--z światem walczyć wstępnym bojem:,Postanowienie.
27871,Choć w głębi serca żar się palić będzie,Postanowienie.
27871,Niechaj powagi oblecze mnie szata!,Postanowienie.
27871,Niechaj się stanę na zawsze i wszędzie,Postanowienie.
27871,Niewzruszon w ruchu--jak ten krąg wszechświata!,Postanowienie.
27871,"Niechaj podobny będę do tej nocy,",Postanowienie.
27871,W której śpią wrzkomo ciała--duchy--mocy--,Postanowienie.
27871,"I każda skała na ziemi jest cieniem,",Postanowienie.
27871,"I każda fala na wodach--milczeniem,",Postanowienie.
27871,A jednak wszystko skrytych sił tysiącem,Postanowienie.
27871,Rwie się ku zorzy i stąpa za słońcem!--,Postanowienie.
27871,"Takim być pragnę--lecz nie na to Panie,",Postanowienie.
27871,Bym świat uwodził i władał bliźniemi!,Postanowienie.
27871,Niech rząd dusz ludzkich innym się dostanie!,Postanowienie.
27871,Ja jedną tylko chcę zbawić na ziemi--,Postanowienie.
27871,Tę jedną tylko--co gdy skonam--skona,Postanowienie.
27871,"A gdy żyć będę, ze mną zmartwychwstanie--",Postanowienie.
27871,"Bo mi na wieki dana, powierzona",Postanowienie.
27871,Boś Ty mą siostrą uczynił ją Panie!,Postanowienie.
27871,Więc mnie wysłuchaj miłosierny Boże!,Postanowienie.
27871,"Idę w świat straszny, gdzie miłości niema--",Postanowienie.
27871,Daj mi spokojność i siłę olbrzyma,Postanowienie.
27871,A duch mój wtedy tej duszy pomoże!,Postanowienie.
27871,"Niech wśród męczarni stanę się aniołem,",Postanowienie.
27871,By cień mych skrzydeł pływać nad jej czołem--,Postanowienie.
27871,"I wiecznie--wszędzie ochładzał jej skronie,",Postanowienie.
27871,"I niósł ją lekko po nad życia tonie,",Postanowienie.
27871,Choć sam z nadziei i z szczęścia wyzuty,Postanowienie.
27871,"Choć sam rozdarty--przebity, przekłuty--",Postanowienie.
27871,"Niech będę dla niej, jak żywa opieka",Postanowienie.
27871,Czemsiś na ziemi--z bliska czy daleka--,Postanowienie.
27871,Jak duch świętego i serca człowieka!,Postanowienie.
27871,"Wszelkiego bólu pociechą, osłodą!",Postanowienie.
27871,Nadzieją przyszłą i przeszłem wspomnieniem!,Postanowienie.
27871,Gdy zechce płakać--ach! płaczu swobodą!,Postanowienie.
27871,Gdy śpiewać zechce--ach! jej duszy pieniem!,Postanowienie.
27871,"Na to niech żyję--na to mi daj siłę,",Postanowienie.
27871,Bobym inaczej prosił o mogiłę!,Postanowienie.
27871,Nowe życie.,remove
27871,  Cośmy kochali tak razem,Nowe życie.
27871,  Martwym głazem,Nowe życie.
27871,"  I ruiną,",Nowe życie.
27871,  Temu dzisiaj się przyśniwa,Nowe życie.
27871,  Młodość nowa i szczęśliwa--,Nowe życie.
27871,  Dni im życia płyną!,Nowe życie.
27871,  Staremu Rzymowi,Nowe życie.
27871,  Grobom i ludowi!,Nowe życie.
27871,"  A nam, cośmy byli",Nowe życie.
27871,"  Na tych grobach młodzi,",Nowe życie.
27871,  Namże w piersiach się nie zrodzi,Nowe życie.
27871,  Życie--w grobów życia chwili!..,Nowe życie.
27871,  Dość już mąk--,Nowe życie.
27871,  Niech do dusz,Nowe życie.
27871,  Wrócą już,Nowe życie.
27871,"  Nadzieja, miłość i wiara",Nowe życie.
27871,  A żywota czara,Nowe życie.
27871,  Powróci do rąk,Nowe życie.
27871,Czas i wieczność.,remove
27871,Czas ma nadzwyczaj co gorżkiego w sobie!,Czas i wieczność.
27871,Ileż go razy zatrzymać ja chciałem,Czas i wieczność.
27871,Gdym dni szczęśliwe przepędzał przy Tobie!,Czas i wieczność.
27871,Na klęczkach każdą chwileczkę błagałem,Czas i wieczność.
27871,Mówiąc: „chwileczko o zostań na chwilę!,Czas i wieczność.
27871,„Tak mi niebiesko--tak domowo-mile!,Czas i wieczność.
27871,"„Lecz niech raz czuję, że nie znikniesz lotem",Czas i wieczność.
27871,„Niech raz się dotknę ciebie--znikniesz potem!”,Czas i wieczność.
27871,"I nigdy, nigdy żadna z godzin tyla",Czas i wieczność.
27871,Wysłuchać prośby nie chciała serdecznéj!,Czas i wieczność.
27871,Żadna mi w ręce nie dała się chwila--,Czas i wieczność.
27871,Żadnéj godziny nie miałem ja wiecznéj!,Czas i wieczność.
27871,O czas jest straszny--o czas jest przeklęty!,Czas i wieczność.
27871,O czas nam z siebie nie jest nieszczęśliwy!,Czas i wieczność.
27871,"Nigdy nie spełnion, nigdy nie dopięty,",Czas i wieczność.
27871,Przez przeszłe chwile sam wciąż stąpa żywy!,Czas i wieczność.
27871,A jaki pyszny--jaki pan--jak świeży!,Czas i wieczność.
27871,Jaka wiośnianość na skrzydłach mu leży--,Czas i wieczność.
27871,"W niéj skonać pragniesz, w niéj chcesz ukojenia--",Czas i wieczność.
27871,"Wtém znów się wszystko w mgnieniu chwilki zmienia,",Czas i wieczność.
27871,"Nie mogłeś umrzeć, odetchnąć--tam zostać",Czas i wieczność.
27871,Gdzie śmierć ci życiem--życie co ci zgonem,Czas i wieczność.
27871,Rwie się już daléj w inną świata postać--,Czas i wieczność.
27871,I tyś jak dzieckiem znów osieroconém!,Czas i wieczność.
27871,"I płaczesz--płaczesz szlochami krwawemi,",Czas i wieczność.
27871,"Żeś nie mógł chwili przytulić do siebie,",Czas i wieczność.
27871,"Żeś nie mógł chwilkę zatrzymać na ziemi,",Czas i wieczność.
27871,Żeś widział niebo--lecz nie postał w niebie!,Czas i wieczność.
27871,Ach! czas jest gorżki--ach! czas jest okrutny!,Czas i wieczność.
27871,I człowiek w czasie żyjąc--żyje smutny.,Czas i wieczność.
27871,Do Pani D. P.[*],remove
27871,Módl się Ty za mnie--gdy z rozpaczy zginę,Do Pani D. P.[*]
27871,Za winę ojców i za własną winę.,Do Pani D. P.[*]
27871,"Módl Ty się za mnie, by mnie w moim grobie",Do Pani D. P.[*]
27871,Nie opiekielnił żal wieczny po Tobie!,Do Pani D. P.[*]
27871,"Módl Ty się za mnie, bym u Boga w niebie,",Do Pani D. P.[*]
27871,"Po wiekach wieków, kiedyś spotkał Ciebie!",Do Pani D. P.[*]
27871,"I tam przynajmniej odetchnął wraz z Tobą,",Do Pani D. P.[*]
27871,Bo mnie już wszystko trudem i żałobą!,Do Pani D. P.[*]
27871,"Módl Ty się za mnie, jam żył nadaremnie,",Do Pani D. P.[*]
27871,Bo serce Twoje odpada odemnie!,Do Pani D. P.[*]
27871,"Módl Ty się za mnie, jam Cię kochał wiernie,",Do Pani D. P.[*]
27871,"I tak jak bezmiar bezmierny, bezmiernie!",Do Pani D. P.[*]
27871,"Módl Ty się za mnie, bom ja nieszczęśliwy:",Do Pani D. P.[*]
27871,"Serce me proste, ale los mój krzywy!",Do Pani D. P.[*]
27871,"Módl Ty się za mnie, nie mów do mnie ostro,",Do Pani D. P.[*]
27871,Boś Ty mi tylko na tym świecie siostrą!,Do Pani D. P.[*]
27871,"Módl Ty się za mnie, do od żadnéj duszy",Do Pani D. P.[*]
27871,"Modlitwa o mnie serca mi nie wzruszy,",Do Pani D. P.[*]
27871,Tylko podwoi gorycz méj katuszy!,Do Pani D. P.[*]
27871,"Módl Ty się za mnie, ja Ciebie się trzymam,",Do Pani D. P.[*]
27871,"Bo na téj ziemi prócz Ciebie nic nie mam,",Do Pani D. P.[*]
27871,"I nie prócz Ciebie nie marzę za światem,",Do Pani D. P.[*]
27871,"Tylko to marzy, by z mą duszą biedną",Do Pani D. P.[*]
27871,Twoja spłynęła w nieśmiertelność jedną:,Do Pani D. P.[*]
27871,"Więc módl Ty się za mnie, bo ja Twoim bratem!",Do Pani D. P.[*]
27871,[Footnote *: Wiersz ten zamieszczony w zbiorze pism Zygmunta,remove
27871,"Krasińskiego, wydanym we Lwowie w r. 1875 nakładem Gubrynowicza i",remove
27871,"Schmidta--przedrukowany tu został, jako zostający w związku z poezyami",remove
27871,zebranemi pod tytułem: „Moja Beatryce”.],remove
27871,SPIS RZECZY,remove
27871,Od Wydawcy                      5,remove
27871,"Niewymarzona, a cudowna.        7",remove
27871,Boleść rozłączenia.            13,remove
27871,Pożegnanie Italii.             15,remove
27871,Do Duchów.                     17,remove
27871,Co mi się marzy?               20,remove
27871,Nie wrócę już!                 24,remove
27871,Gdzie cisza?                   26,remove
27871,Błękit duszy.                  28,remove
27871,Zdarte maski.                  30,remove
27871,Miłość ideału.                 36,remove
27871,Postanowienie.                 39,remove
27871,Nowe życie.                    41,remove
27871,Czas i wieczność.              43,remove
27871,Do Pani D. P.                  45,remove
